date,tempC
2002-06-01,7.1129999999999995
2002-06-02,7.3260000000000005
2002-06-03,6.797000000000001
2002-06-04,8.277000000000001
2002-06-05,8.172
2002-06-06,8.018999999999998
2002-06-07,7.847999999999999
2002-06-08,7.605
2002-06-09,7.478999999999999
2002-06-10,7.745999999999999
2002-06-11,7.8260000000000005
2002-06-12,7.794999999999998
2002-06-13,7.969999999999999
2002-06-14,8.527999999999999
2002-06-15,8.631999999999998
2002-06-16,8.881999999999998
2002-06-17,9.041
2002-06-18,9.593
2002-06-19,9.782
2002-06-20,9.705
2002-06-21,9.844999999999999
2002-06-22,9.189
2002-06-23,9.578999999999999
2002-06-24,10.049999999999999
2002-06-25,10.849
2002-06-26,10.57
2002-06-27,10.581
2002-06-28,17.725
2002-06-29,17.535
2002-06-30,17.764
2002-07-01,19.473
2002-07-02,19.309
2002-07-03,18.456
2002-07-04,17.926000000000002
2002-07-05,18.046
2002-07-06,18.348
2002-07-07,18.492
2002-07-08,18.118
2002-07-09,18.044
2002-07-10,18.051000000000002
2002-07-11,18.336
2002-07-12,18.874
2002-07-13,19.291
2002-07-14,19.739
2002-07-15,20.212
2002-07-16,20.585
2002-07-17,20.978
2002-07-18,20.576999999999998
2002-07-19,21.451999999999998
2002-07-20,21.425
2002-07-21,21.039
2002-07-22,21.254
2002-07-23,21.377
2002-07-24,21.395
2002-07-25,21.195999999999998
2002-07-26,21.099
2002-07-27,21.089
2002-07-28,21.17
2002-07-29,21.059
2002-07-30,20.62
2002-07-31,20.533
2002-08-01,20.417
2002-08-02,19.898
2002-08-03,20.006
2002-08-04,20.352
2002-08-05,19.659
2002-08-06,20.367
2002-08-07,20.707
2002-08-08,20.889
2002-08-09,20.808
2002-08-10,21.253
2002-08-11,22.006
2002-08-12,23.117
2002-08-13,23.184
2002-08-14,23.191
2002-08-15,23.31
2002-08-16,23.322
2002-08-17,23.158
2002-08-18,23.175
2002-08-19,22.299
2002-08-20,22.236
2002-08-21,22.42
2002-08-22,22.472
2002-08-23,22.407
2002-08-24,22.463
2002-08-25,22.389
2002-08-26,22.431
2002-08-27,22.372
2002-08-28,22.348
2002-08-29,22.129
2002-08-30,22.131
2002-08-31,22.491
2002-09-01,22.218
2002-09-02,22.091
2002-09-03,22.124
2002-09-04,22.147
2002-09-05,21.936
2002-09-06,21.864
2002-09-07,21.815
2002-09-08,21.534
2002-09-09,21.47
2002-09-10,21.744
2002-09-11,21.478
2002-09-12,21.357
2002-09-13,21.285
2002-09-14,20.621
2002-09-15,19.569
2002-09-16,19.998
2002-09-17,19.098
2002-09-18,20.221
2002-09-19,19.962
2002-09-20,19.906
2002-09-21,19.901
2002-09-22,20.003999999999998
2002-09-23,19.84
2002-09-24,19.612000000000002
2002-09-25,19.448999999999998
2002-09-26,19.398
2002-09-27,19.325
2002-09-28,19.355
2002-09-29,19.144
2002-09-30,18.935
2002-10-01,18.806
2002-10-02,18.533
2002-10-03,17.814999999999998
2002-10-04,17.5
2002-10-05,16.848
2002-10-06,17.282
2002-10-07,15.802
2002-10-08,15.753
2002-10-09,14.693
2002-10-10,14
2002-10-11,13.597999999999999
2002-10-12,13.644
2002-10-13,13.901
2002-10-14,13.156
2002-10-15,12.773
2002-10-16,12.747
2002-10-17,12.761
2002-10-18,11.765
2002-10-19,11.889
2002-10-20,11.142
2002-10-21,10.975
2002-10-22,10.815
2002-10-23,10.628
2002-10-24,10.384
2002-10-25,10.155
2002-10-26,10.347
2002-10-27,10.649
2002-10-28,11.044
2002-10-29,11.059
2002-10-30,10.95
2002-10-31,10.517999999999999
2002-11-01,9.676
2002-11-02,8.32
2002-11-03,8.274000000000001
2002-11-04,8.326
2002-11-05,8.466000000000001
2002-11-06,8.626000000000001
2002-11-07,8.447
2002-11-08,7.748999999999999
2002-11-09,7.890999999999998
2002-11-10,8.001999999999999
2002-11-11,8.369
2002-11-12,7.670999999999999
2002-11-13,8.311
2002-11-14,7.904
2002-11-15,7.869
2002-11-16,5.943999999999999
2002-11-17,5.879000000000001
2002-11-18,6.215
2002-11-19,5.937999999999999
2002-11-20,5.797999999999998
2002-11-21,6.09
2002-11-22,6.515000000000001
2002-11-23,6.652000000000001
2002-11-24,6.457999999999998
2002-11-25,6.550000000000001
2002-11-26,6.5859999999999985
2002-11-27,6.439
2002-11-28,6.611999999999998
2002-11-29,4.899999999999999
2002-11-30,4.178000000000001
2002-12-01,4.815000000000001
2002-12-02,2.620000000000001
2002-12-03,2.6439999999999984
2002-12-04,2.5799999999999983
2002-12-05,2.460000000000001
2002-12-06,2.626999999999999
2002-12-07,3.225999999999999
2002-12-08,3.3569999999999993
2002-12-09,3.315999999999999
2002-12-10,3.230999999999998
2002-12-11,3.5650000000000013
2002-12-12,2.5509999999999984
2002-12-13,2.254999999999999
2002-12-14,2.003
2002-12-15,1.9929999999999986
2002-12-16,2.059000000000001
2002-12-17,2.033999999999999
2002-12-18,1.7469999999999999
2002-12-19,2.192999999999998
2002-12-20,1.9989999999999988
2002-12-21,1.8260000000000005
2002-12-22,2.0249999999999986
2002-12-23,2.091000000000001
2002-12-24,1.9480000000000004
2002-12-25,1.5719999999999992
2002-12-26,1.5790000000000006
2002-12-27,1.5990000000000002
2002-12-28,1.5990000000000002
2002-12-29,1.6780000000000008
2002-12-30,1.468
2002-12-31,1.693999999999999
2003-01-01,2.7459999999999987
2003-01-02,0.10299999999999798
2003-01-03,0.5289999999999999
2003-01-04,0.3990000000000009
2003-01-05,-0.15200000000000102
2003-01-06,-0.07600000000000051
2003-01-07,-0.5240000000000009
2003-01-08,-0.036999999999999034
2003-01-09,-0.004999999999999005
2003-01-10,-0.004999999999999005
2003-01-11,0.14199999999999946
2003-01-12,0.34699999999999775
2003-01-13,0.21199999999999974
2003-01-14,0.030999999999998806
2003-01-15,0.34199999999999875
2003-01-16,0.4450000000000003
2003-01-17,0.5279999999999987
2003-01-18,0.36499999999999844
2003-01-19,0.32399999999999807
2003-01-20,0.2240000000000002
2003-01-21,0.2569999999999979
2003-01-22,0.01699999999999946
2003-01-23,-0.07700000000000173
2003-01-24,-0.17300000000000182
2003-01-25,-0.19000000000000128
2003-01-26,-0.2710000000000008
2003-01-27,-0.4350000000000023
2003-01-28,-0.3719999999999999
2003-01-29,-0.5229999999999997
2003-01-30,-0.8739999999999988
2003-01-31,-0.8440000000000012
2003-02-01,-0.11200000000000188
2003-02-02,-1.7420000000000009
2003-02-03,-1.3880000000000017
2003-02-04,-1.740000000000002
2003-02-05,-1.686
2003-02-06,-1.7490000000000023
2003-02-07,-1.6690000000000005
2003-02-08,-1.4450000000000003
2003-02-09,-1.399000000000001
2003-02-10,-1.4520000000000017
2003-02-11,-1.4239999999999995
2003-02-12,-1.5060000000000002
2003-02-13,-1.4870000000000019
2003-02-14,-1.5300000000000011
2003-02-15,-1.5330000000000013
2003-02-16,-1.532
2003-02-17,-1.4130000000000003
2003-02-18,-1.559000000000001
2003-02-19,-1.565999999999999
2003-02-20,-1.4540000000000006
2003-02-21,-1.4589999999999996
2003-02-22,-1.4239999999999995
2003-02-23,-1.375
2003-02-24,-1.4209999999999994
2003-02-25,-1.5079999999999991
2003-02-26,-1.6030000000000015
2003-02-27,-1.6829999999999998
2003-02-28,-1.7070000000000007
2003-03-01,-1.681000000000001
2003-03-02,-0.018000000000000682
2003-03-03,0.06599999999999895
2003-03-04,0.43799999999999883
2003-03-05,0.11100000000000065
2003-03-06,-0.06500000000000128
2003-03-07,0.04499999999999815
2003-03-08,0.5440000000000005
2003-03-09,0.7289999999999992
2003-03-10,0.9869999999999983
2003-03-11,-0.09799999999999898
2003-03-12,-0.2809999999999988
2003-03-13,-0.4559999999999995
2003-03-14,0.08200000000000074
2003-03-15,0.0010000000000012221
2003-03-16,0.46799999999999997
2003-03-17,0.3829999999999991
2003-03-18,0.6089999999999982
2003-03-19,1.158999999999999
2003-03-20,0.2339999999999982
2003-03-21,-0.7989999999999995
2003-03-22,-0.713000000000001
2003-03-23,0.2789999999999999
2003-03-24,0.5599999999999987
2003-03-25,0.3990000000000009
2003-03-26,-0.5719999999999992
2003-03-27,-0.7259999999999991
2003-03-28,-1.0120000000000005
2003-03-29,-0.6490000000000009
2003-03-30,-0.6969999999999992
2003-03-31,-0.5790000000000006
2003-04-01,-0.25700000000000145
2003-04-02,1.788999999999998
2003-04-03,1.6449999999999996
2003-04-04,0.6110000000000007
2003-04-05,0.5569999999999986
2003-04-06,0.6280000000000001
2003-04-07,0.7779999999999987
2003-04-08,0.48300000000000054
2003-04-09,0.26899999999999835
2003-04-10,0.7219999999999978
2003-04-11,0.31700000000000017
2003-04-12,0.22100000000000009
2003-04-13,0.10200000000000031
2003-04-14,1.477999999999998
2003-04-15,1.3589999999999982
2003-04-16,1.4819999999999993
2003-04-17,1.3069999999999986
2003-04-18,1.2330000000000005
2003-04-19,1.0519999999999996
2003-04-20,0.8509999999999991
2003-04-21,1.125
2003-04-22,2.469999999999999
2003-04-23,1.3870000000000005
2003-04-24,2.1690000000000005
2003-04-25,2.0470000000000006
2003-04-26,1.8350000000000009
2003-04-27,1.8219999999999992
2003-04-28,2.308
2003-04-29,2.4529999999999994
2003-04-30,2.027000000000001
2003-05-01,1.6679999999999993
2003-05-02,2.75
2003-05-03,3.3200000000000003
2003-05-04,3.274000000000001
2003-05-05,3.2079999999999984
2003-05-06,2.9669999999999987
2003-05-07,3.166999999999998
2003-05-08,3.2929999999999993
2003-05-09,4.308
2003-05-10,4.352999999999998
2003-05-11,3.960000000000001
2003-05-12,3.6419999999999995
2003-05-13,3.753999999999998
2003-05-14,3.937999999999999
2003-05-15,3.725999999999999
2003-05-16,3.5760000000000005
2003-05-17,3.8640000000000008
2003-05-18,3.7439999999999998
2003-05-19,4.167999999999999
2003-05-20,4.606999999999999
2003-05-21,4.821999999999999
2003-05-22,4.7330000000000005
2003-05-23,4.347999999999999
2003-05-24,4.129999999999999
2003-05-25,4.402000000000001
2003-05-26,4.631
2003-05-27,4.468
2003-05-28,4.9879999999999995
2003-05-29,5.198999999999998
2003-05-30,5.376999999999999
2003-05-31,6.219999999999999
2003-06-01,6.3870000000000005
2003-06-02,6.803000000000001
2003-06-03,6.577999999999999
2003-06-04,6.282
2003-06-05,6.154
2003-06-06,6.295999999999999
2003-06-07,5.611999999999998
2003-06-08,5.783000000000001
2003-06-09,5.526
2003-06-10,6.032
2003-06-11,6.111000000000001
2003-06-12,6
2003-06-13,5.780999999999999
2003-06-14,6.126000000000001
2003-06-15,6.568999999999999
2003-06-16,7.417999999999999
2003-06-17,7.927
2003-06-18,8.463000000000001
2003-06-19,9.04
2003-06-20,10.624
2003-06-21,11.144
2003-06-22,11.241999999999999
2003-06-23,11.419
2003-06-24,12.334999999999999
2003-06-25,13.115
2003-06-26,14.187
2003-06-27,14.238
2003-06-28,15.093
2003-06-29,14.911999999999999
2003-06-30,15.389
2003-07-01,16.060000000000002
2003-07-02,16.924
2003-07-03,17.108
2003-07-04,17.512
2003-07-05,18.569
2003-07-06,19.237000000000002
2003-07-07,19.172
2003-07-08,19.117
2003-07-09,18.884
2003-07-10,17.554000000000002
2003-07-11,16.237000000000002
2003-07-12,15.894
2003-07-13,15.632
2003-07-14,15.217
2003-07-15,15.238999999999999
2003-07-16,15.903
2003-07-17,17.956
2003-07-18,18.282
2003-07-19,18.539
2003-07-20,18.774
2003-07-21,18.791
2003-07-22,18.841
2003-07-23,18.859
2003-07-24,18.208
2003-07-25,18.631
2003-07-26,18.878999999999998
2003-07-27,19.108
2003-07-28,19.37
2003-07-29,19.271
2003-07-30,19.252
2003-07-31,19.072
2003-08-01,19.086
2003-08-02,19.689999999999998
2003-08-03,19.787
2003-08-04,19.937
2003-08-05,20.589
2003-08-06,21.066
2003-08-07,21.739
2003-08-08,21.724
2003-08-09,21.778
2003-08-10,22.054
2003-08-11,21.921
2003-08-12,21.75
2003-08-13,22.09
2003-08-14,22.389
2003-08-15,22.664
2003-08-16,22.502
2003-08-17,22.581
2003-08-18,22.448
2003-08-19,22.426000000000002
2003-08-20,22.435
2003-08-21,22.3
2003-08-22,22.348
2003-08-23,21.486
2003-08-24,21.076999999999998
2003-08-25,21.206
2003-08-26,21.185
2003-08-27,21.423000000000002
2003-08-28,21.383
2003-08-29,21.247
2003-08-30,21.036
2003-08-31,21.14
2003-09-01,20.441
2003-09-02,19.829
2003-09-03,19.705
2003-09-04,19.740000000000002
2003-09-05,19.826
2003-09-06,19.823
2003-09-07,19.688
2003-09-08,19.661
2003-09-09,19.761
2003-09-10,19.637
2003-09-11,19.541
2003-09-12,19.901
2003-09-13,20.011
2003-09-14,20.042
2003-09-15,20.043
2003-09-16,20.076
2003-09-17,20.028
2003-09-18,19.633
2003-09-19,19.266
2003-09-20,18.686
2003-09-21,18.597
2003-09-22,18.484
2003-09-23,18.266
2003-09-24,18.018
2003-09-25,17.58
2003-09-26,17.009
2003-09-27,16.932000000000002
2003-09-28,16.755
2003-09-29,16.536
2003-09-30,15.584999999999999
2003-10-01,14.526
2003-10-02,13.946
2003-10-03,13.882
2003-10-04,13.799999999999999
2003-10-05,13.423
2003-10-06,13.203
2003-10-07,12.892999999999999
2003-10-08,13.493
2003-10-09,13.597
2003-10-10,13.508
2003-10-11,13.809
2003-10-12,13.938
2003-10-13,13.729
2003-10-14,13.414
2003-10-15,12.818999999999999
2003-10-16,12.686
2003-10-17,11.919
2003-10-18,11.828999999999999
2003-10-19,11.129999999999999
2003-10-20,10.671
2003-10-21,10.9
2003-10-22,10.645
2003-10-23,10.751
2003-10-24,10.65
2003-10-25,10.509
2003-10-26,10.522
2003-10-27,10.484
2003-10-28,10.548
2003-10-29,9.690999999999999
2003-10-30,9.289
2003-10-31,9.107
2003-11-01,9.075
2003-11-02,6.940000000000001
2003-11-03,7.818999999999999
2003-11-04,8.245999999999999
2003-11-05,8.538999999999998
2003-11-06,8.550999999999998
2003-11-07,8.405000000000001
2003-11-08,9.036
2003-11-09,8.456
2003-11-10,7.893000000000001
2003-11-11,7.434999999999999
2003-11-12,7.364999999999998
2003-11-13,7.686
2003-11-14,7.260999999999999
2003-11-15,7.204999999999998
2003-11-16,6.722999999999999
2003-11-17,6.745999999999999
2003-11-18,6.395
2003-11-19,7.658999999999999
2003-11-20,7.6080000000000005
2003-11-21,7.445999999999998
2003-11-22,7.402999999999999
2003-11-23,7.288
2003-11-24,6.594999999999999
2003-11-25,6.449999999999999
2003-11-26,5.350999999999999
2003-11-27,5.436
2003-11-28,5.390999999999998
2003-11-29,5.905999999999999
2003-11-30,5.754999999999999
2003-12-01,5.594000000000001
2003-12-02,3.3320000000000007
2003-12-03,3.123000000000001
2003-12-04,3.190999999999999
2003-12-05,3.2749999999999986
2003-12-06,2.8689999999999998
2003-12-07,2.530000000000001
2003-12-08,3.742000000000001
2003-12-09,2.6769999999999996
2003-12-10,2.742000000000001
2003-12-11,2.8019999999999996
2003-12-12,2.8019999999999996
2003-12-13,2.722999999999999
2003-12-14,2.5569999999999986
2003-12-15,2.259999999999998
2003-12-16,2.593
2003-12-17,2.808
2003-12-18,2.503999999999998
2003-12-19,3.102999999999998
2003-12-20,3.6020000000000003
2003-12-21,3.474
2003-12-22,3.646000000000001
2003-12-23,3.844000000000001
2003-12-24,3.227999999999998
2003-12-25,3.7590000000000003
2003-12-26,3.0090000000000003
2003-12-27,3.062999999999999
2003-12-28,2.59
2003-12-29,1.309000000000001
2003-12-30,1.314
2003-12-31,1.3919999999999995
2004-01-01,1.3649999999999984
2004-01-02,-0.7489999999999988
2004-01-03,-0.13299999999999912
2004-01-04,-0.402000000000001
2004-01-05,-0.4710000000000001
2004-01-06,0.11299999999999955
2004-01-07,-0.19399999999999906
2004-01-08,-0.9699999999999989
2004-01-09,-0.9750000000000014
2004-01-10,-0.9819999999999993
2004-01-11,-0.9529999999999994
2004-01-12,-1.0990000000000002
2004-01-13,-1.184000000000001
2004-01-14,-1.054000000000002
2004-01-15,-1.0160000000000018
2004-01-16,-0.4510000000000005
2004-01-17,-1.059000000000001
2004-01-18,-0.5030000000000001
2004-01-19,-0.5450000000000017
2004-01-20,-0.3730000000000011
2004-01-21,-0.25
2004-01-22,-0.21799999999999997
2004-01-23,-0.3990000000000009
2004-01-24,-0.48499999999999943
2004-01-25,-0.19000000000000128
2004-01-26,-0.40500000000000114
2004-01-27,-0.28999999999999915
2004-01-28,-0.6120000000000019
2004-01-29,-0.7240000000000002
2004-01-30,-0.490000000000002
2004-01-31,-0.583000000000002
2004-02-01,-0.6370000000000005
2004-02-02,-1.740000000000002
2004-02-03,-1.7899999999999991
2004-02-04,-1.7809999999999988
2004-02-05,-1.6999999999999993
2004-02-06,-1.8000000000000007
2004-02-07,-1.777000000000001
2004-02-08,-1.740000000000002
2004-02-09,-1.7360000000000007
2004-02-10,-1.7750000000000021
2004-02-11,-1.716000000000001
2004-02-12,-1.6999999999999993
2004-02-13,-1.6660000000000004
2004-02-14,-1.689
2004-02-15,-1.652000000000001
2004-02-16,-1.5839999999999996
2004-02-17,-1.5990000000000002
2004-02-18,-1.6170000000000009
2004-02-19,-1.6170000000000009
2004-02-20,-1.5850000000000009
2004-02-21,-1.5519999999999996
2004-02-22,-1.5390000000000015
2004-02-23,-1.5169999999999995
2004-02-24,-1.5259999999999998
2004-02-25,-1.5229999999999997
2004-02-26,-1.5040000000000013
2004-02-27,-1.4640000000000022
2004-02-28,-1.490000000000002
2004-02-29,-1.4450000000000003
2004-03-01,-1.5130000000000017
2004-03-02,-0.31599999999999895
2004-03-03,-0.6550000000000011
2004-03-04,-0.782
2004-03-05,0.1720000000000006
2004-03-06,-0.6380000000000017
2004-03-07,-0.6400000000000006
2004-03-08,-0.6159999999999997
2004-03-09,-0.7480000000000011
2004-03-10,-0.6340000000000003
2004-03-11,-0.6110000000000007
2004-03-12,-0.5030000000000001
2004-03-13,-0.5770000000000017
2004-03-14,-0.7059999999999995
2004-03-15,-0.7310000000000016
2004-03-16,-0.8019999999999996
2004-03-17,-0.754999999999999
2004-03-18,-0.6219999999999999
2004-03-19,-0.8560000000000016
2004-03-20,-0.815999999999999
2004-03-21,-0.9190000000000005
2004-03-22,-0.8780000000000001
2004-03-23,-0.9390000000000001
2004-03-24,-0.8979999999999997
2004-03-25,-0.7699999999999996
2004-03-26,-0.46000000000000085
2004-03-27,-0.5199999999999996
2004-03-28,-0.4920000000000009
2004-03-29,-0.7430000000000021
2004-03-30,-0.8150000000000013
2004-03-31,-0.745000000000001
2004-04-01,-0.2699999999999996
2004-04-02,0.9199999999999982
2004-04-03,1.1370000000000005
2004-04-04,0.7789999999999999
2004-04-05,2.41
2004-04-06,1.536999999999999
2004-04-07,1.309000000000001
2004-04-08,1.570999999999998
2004-04-09,1.0569999999999986
2004-04-10,0.4660000000000011
2004-04-11,0.3949999999999996
2004-04-12,0.23199999999999932
2004-04-13,1.0350000000000001
2004-04-14,1.0969999999999978
2004-04-15,1.0309999999999988
2004-04-16,1.161999999999999
2004-04-17,2.367000000000001
2004-04-18,2.2079999999999984
2004-04-19,2.463000000000001
2004-04-20,2.9589999999999996
2004-04-21,1.9740000000000002
2004-04-22,2.3320000000000007
2004-04-23,2.4639999999999986
2004-04-24,2.788999999999998
2004-04-25,2.0410000000000004
2004-04-26,1.9480000000000004
2004-04-27,2.0479999999999983
2004-04-28,2.100999999999999
2004-04-29,2.099999999999998
2004-04-30,2.4890000000000008
2004-05-01,2.507999999999999
2004-05-02,3.0790000000000006
2004-05-03,3.0229999999999997
2004-05-04,2.9879999999999995
2004-05-05,3.0330000000000013
2004-05-06,3.498000000000001
2004-05-07,4.565999999999999
2004-05-08,4.628
2004-05-09,4.434999999999999
2004-05-10,4.148
2004-05-11,3.7330000000000005
2004-05-12,3.105999999999998
2004-05-13,2.8279999999999994
2004-05-14,2.8900000000000006
2004-05-15,2.9080000000000013
2004-05-16,3.012999999999998
2004-05-17,3.160999999999998
2004-05-18,3.474999999999998
2004-05-19,3.5779999999999994
2004-05-20,3.5249999999999986
2004-05-21,3.576999999999998
2004-05-22,3.428000000000001
2004-05-23,3.754999999999999
2004-05-24,4.021000000000001
2004-05-25,3.969999999999999
2004-05-26,3.881999999999998
2004-05-27,3.782
2004-05-28,4.399999999999999
2004-05-29,4.616
2004-05-30,4.690000000000001
2004-05-31,4.899999999999999
2004-06-01,5.234999999999999
2004-06-02,5.523
2004-06-03,5.297999999999998
2004-06-04,5.753
2004-06-05,6.593
2004-06-06,6.832999999999998
2004-06-07,6.885999999999999
2004-06-08,7.015999999999998
2004-06-09,7.388999999999999
2004-06-10,7.620000000000001
2004-06-11,8.169
2004-06-12,8.381
2004-06-13,8.658999999999999
2004-06-14,9.019
2004-06-15,10.475
2004-06-16,10.578999999999999
2004-06-17,11.017999999999999
2004-06-18,11.187999999999999
2004-06-19,11.567
2004-06-20,11.238
2004-06-21,10.935
2004-06-22,10.158999999999999
2004-06-23,10.195
2004-06-24,10.885
2004-06-25,11.747
2004-06-26,12.041
2004-06-27,12.058
2004-06-28,11.975
2004-06-29,12.369
2004-06-30,12.853
2004-07-01,13.081999999999999
2004-07-02,13.778
2004-07-03,14.456
2004-07-04,14.786999999999999
2004-07-05,14.821
2004-07-06,14.975999999999999
2004-07-07,14.665
2004-07-08,14.338
2004-07-09,15.123
2004-07-10,15.718
2004-07-11,16.186
2004-07-12,15.916
2004-07-13,15.988999999999999
2004-07-14,17.128
2004-07-15,17.381
2004-07-16,17.833
2004-07-17,18.240000000000002
2004-07-18,18.341
2004-07-19,18.29
2004-07-20,19.136
2004-07-21,19.688
2004-07-22,19.715
2004-07-23,19.784
2004-07-24,19.797
2004-07-25,19.543
2004-07-26,19.486
2004-07-27,19.481
2004-07-28,19.907
2004-07-29,20.314
2004-07-30,20.909
2004-07-31,20.744
2004-08-01,21.02
2004-08-02,20.944
2004-08-03,20.866
2004-08-04,21.051
2004-08-05,21.123
2004-08-06,20.688
2004-08-07,20.383
2004-08-08,20.349
2004-08-09,20.033
2004-08-10,20.205
2004-08-11,20.18
2004-08-12,20.181
2004-08-13,20.149
2004-08-14,19.993000000000002
2004-08-15,20.128999999999998
2004-08-16,20.313
2004-08-17,20.038
2004-08-18,20.011
2004-08-19,19.990000000000002
2004-08-20,19.79
2004-08-21,19.688
2004-08-22,19.656
2004-08-23,19.395
2004-08-24,19.019
2004-08-25,19.243
2004-08-26,19.48
2004-08-27,19.299
2004-08-28,19.462
2004-08-29,19.676000000000002
2004-08-30,19.655
2004-08-31,19.619
2004-09-01,19.336
2004-09-02,19.585
2004-09-03,19.856
2004-09-04,20.314999999999998
2004-09-05,20.551000000000002
2004-09-06,20.442
2004-09-07,20.478
2004-09-08,20.518
2004-09-09,20.183
2004-09-10,19.701
2004-09-11,19.572
2004-09-12,19.56
2004-09-13,19.837
2004-09-14,19.81
2004-09-15,19.654
2004-09-16,19.61
2004-09-17,19.603
2004-09-18,19.38
2004-09-19,19.072
2004-09-20,18.83
2004-09-21,18.758
2004-09-22,18.911
2004-09-23,19.06
2004-09-24,19.184
2004-09-25,19.083
2004-09-26,18.783
2004-09-27,18.733
2004-09-28,18.705
2004-09-29,18.262999999999998
2004-09-30,18.024
2004-10-01,17.672
2004-10-02,17.07
2004-10-03,16.896
2004-10-04,16.589
2004-10-05,15.526
2004-10-06,15.268
2004-10-07,15.161999999999999
2004-10-08,15
2004-10-09,15.091
2004-10-10,14.673
2004-10-11,14.465
2004-10-12,14.234
2004-10-13,14.144
2004-10-14,14.136
2004-10-15,14.218
2004-10-16,14.283
2004-10-17,13.814
2004-10-18,13.92
2004-10-19,13.263
2004-10-20,11.961
2004-10-21,11.686
2004-10-22,11.683
2004-10-23,11.647
2004-10-24,12.097
2004-10-25,11.863
2004-10-26,11.461
2004-10-27,11.176
2004-10-28,10.937999999999999
2004-10-29,10.818
2004-10-30,11.31
2004-10-31,10.734
2004-11-01,10.785
2004-11-02,9.046999999999999
2004-11-03,9.001
2004-11-04,9.097999999999999
2004-11-05,8.95
2004-11-06,9.19
2004-11-07,8.309000000000001
2004-11-08,8.004999999999999
2004-11-09,7.779
2004-11-10,7.552
2004-11-11,7.823999999999998
2004-11-12,7.474999999999998
2004-11-13,7.364999999999998
2004-11-14,7.471
2004-11-15,7.959
2004-11-16,7.875
2004-11-17,7.844999999999999
2004-11-18,7.856999999999999
2004-11-19,7.704000000000001
2004-11-20,6.9879999999999995
2004-11-21,7.593
2004-11-22,7.070999999999998
2004-11-23,6.2330000000000005
2004-11-24,6.338999999999999
2004-11-25,6.367000000000001
2004-11-26,5.937999999999999
2004-11-27,6.103999999999999
2004-11-28,6.779
2004-11-29,6.687000000000001
2004-11-30,6.824999999999999
2004-12-01,6.969000000000001
2004-12-02,4.172999999999998
2004-12-03,3.4529999999999994
2004-12-04,3.294999999999998
2004-12-05,3.187999999999999
2004-12-06,3.0790000000000006
2004-12-07,3.0869999999999997
2004-12-08,3.0429999999999993
2004-12-09,2.701999999999998
2004-12-10,2.742000000000001
2004-12-11,3.219999999999999
2004-12-12,3.001999999999999
2004-12-13,3.323999999999998
2004-12-14,2.8679999999999986
2004-12-15,3.0799999999999983
2004-12-16,3.1340000000000003
2004-12-17,3.317999999999998
2004-12-18,3.0790000000000006
2004-12-19,3.84
2004-12-20,2.419999999999998
2004-12-21,3.504999999999999
2004-12-22,2.0459999999999994
2004-12-23,1.995000000000001
2004-12-24,2.073999999999998
2004-12-25,1.4959999999999987
2004-12-26,1.2029999999999994
2004-12-27,1.2319999999999993
2004-12-28,1.2349999999999994
2004-12-29,1.4450000000000003
2004-12-30,1.8170000000000002
2004-12-31,2.498000000000001
2005-01-01,3.0799999999999983
2005-01-02,0.33500000000000085
2005-01-03,0.23799999999999955
2005-01-04,-0.03300000000000125
2005-01-05,-0.41300000000000026
2005-01-06,0.03599999999999781
2005-01-07,-0.09799999999999898
2005-01-08,-0.1739999999999995
2005-01-09,-0.03900000000000148
2005-01-10,0.10800000000000054
2005-01-11,-0.053000000000000824
2005-01-12,0.18100000000000094
2005-01-13,0.6069999999999993
2005-01-14,0.18499999999999872
2005-01-15,0.18299999999999983
2005-01-16,0.31700000000000017
2005-01-17,0.15500000000000114
2005-01-18,0.09499999999999886
2005-01-19,0.6539999999999999
2005-01-20,0.4139999999999979
2005-01-21,0.6980000000000004
2005-01-22,0.5560000000000009
2005-01-23,0.5649999999999977
2005-01-24,0.1559999999999988
2005-01-25,0.26099999999999923
2005-01-26,0.32099999999999795
2005-01-27,0.3949999999999996
2005-01-28,-0.1479999999999997
2005-01-29,-0.2140000000000022
2005-01-30,-0.3420000000000023
2005-01-31,-0.3880000000000017
2005-02-01,-0.20899999999999963
2005-02-02,-1.7980000000000018
2005-02-03,-1.8000000000000007
2005-02-04,-1.679000000000002
2005-02-05,-1.5890000000000022
2005-02-06,-1.5309999999999988
2005-02-07,-1.498000000000001
2005-02-08,-1.5710000000000015
2005-02-09,-1.4009999999999998
2005-02-10,-1.2830000000000013
2005-02-11,-1.3659999999999997
2005-02-12,-1.5150000000000006
2005-02-13,-1.5
2005-02-14,-1.2020000000000017
2005-02-15,-1.4149999999999991
2005-02-16,-1.5740000000000016
2005-02-17,-1.4870000000000019
2005-02-18,-1.3880000000000017
2005-02-19,-1.5309999999999988
2005-02-20,-1.5800000000000018
2005-02-21,-1.5579999999999998
2005-02-22,-1.3810000000000002
2005-02-23,-1.4750000000000014
2005-02-24,-1.4939999999999998
2005-02-25,-1.286999999999999
2005-02-26,-1.5480000000000018
2005-02-27,-1.495000000000001
2005-02-28,-1.5380000000000003
2005-03-01,-1.568999999999999
2005-03-02,-0.1269999999999989
2005-03-03,-0.11200000000000188
2005-03-04,-0.41799999999999926
2005-03-05,-0.5079999999999991
2005-03-06,-0.32700000000000173
2005-03-07,-0.15300000000000225
2005-03-08,-0.2680000000000007
2005-03-09,-0.48400000000000176
2005-03-10,-0.16400000000000148
2005-03-11,-0.3150000000000013
2005-03-12,-0.05700000000000216
2005-03-13,-0.1460000000000008
2005-03-14,-0.1769999999999996
2005-03-15,-0.015000000000000568
2005-03-16,0.030999999999998806
2005-03-17,0.19699999999999918
2005-03-18,0.23699999999999832
2005-03-19,0.28699999999999903
2005-03-20,0.5489999999999995
2005-03-21,0.44599999999999795
2005-03-22,0.3689999999999998
2005-03-23,0.26899999999999835
2005-03-24,-0.07900000000000063
2005-03-25,-0.13800000000000168
2005-03-26,-0.21699999999999875
2005-03-27,0.4499999999999993
2005-03-28,-0.10600000000000165
2005-03-29,-0.2530000000000001
2005-03-30,-0.27800000000000225
2005-03-31,-0.11500000000000199
2005-04-01,-0.14199999999999946
2005-04-02,1.5829999999999984
2005-04-03,1.2079999999999984
2005-04-04,0.5489999999999995
2005-04-05,0.5060000000000002
2005-04-06,0.5259999999999998
2005-04-07,0.6559999999999988
2005-04-08,0.5090000000000003
2005-04-09,0.5620000000000012
2005-04-10,0.8269999999999982
2005-04-11,1.2049999999999983
2005-04-12,2.658999999999999
2005-04-13,2.6310000000000002
2005-04-14,2.747
2005-04-15,2.061
2005-04-16,1.7429999999999986
2005-04-17,1.541999999999998
2005-04-18,3.288999999999998
2005-04-19,2.8760000000000012
2005-04-20,2.8689999999999998
2005-04-21,2.6099999999999994
2005-04-22,2.7089999999999996
2005-04-23,2.7510000000000012
2005-04-24,2.463000000000001
2005-04-25,1.5180000000000007
2005-04-26,1.7899999999999991
2005-04-27,1.8030000000000008
2005-04-28,2.0820000000000007
2005-04-29,2.9499999999999993
2005-04-30,2.6020000000000003
2005-05-01,2.4639999999999986
2005-05-02,2.823999999999998
2005-05-03,2.838000000000001
2005-05-04,2.8629999999999995
2005-05-05,2.9579999999999984
2005-05-06,3.129999999999999
2005-05-07,4.338000000000001
2005-05-08,4.306999999999999
2005-05-09,4.291999999999998
2005-05-10,3.969000000000001
2005-05-11,4.167999999999999
2005-05-12,4.274999999999999
2005-05-13,4.2989999999999995
2005-05-14,2.9830000000000005
2005-05-15,4.5539999999999985
2005-05-16,4.439
2005-05-17,4.361000000000001
2005-05-18,4.230999999999998
2005-05-19,4.805
2005-05-20,5.364000000000001
2005-05-21,5.448999999999998
2005-05-22,5.373000000000001
2005-05-23,5.77
2005-05-24,5.773
2005-05-25,5.811
2005-05-26,6.135999999999999
2005-05-27,6.756999999999998
2005-05-28,7.756
2005-05-29,7.975000000000001
2005-05-30,9.677999999999999
2005-05-31,11.629
2005-06-01,11.327
2005-06-02,11.636
2005-06-03,11.987
2005-06-04,12.174999999999999
2005-06-05,12.699
2005-06-06,13.02
2005-06-07,13.064
2005-06-08,12.915
2005-06-09,14.927
2005-06-10,15.229
2005-06-11,15.315
2005-06-12,15.794
2005-06-13,16.86
2005-06-14,15.554
2005-06-15,15.491999999999999
2005-06-16,15.302
2005-06-17,15.584
2005-06-18,15.09
2005-06-19,15.06
2005-06-20,15.051
2005-06-21,15.51
2005-06-22,15.712
2005-06-23,16.758
2005-06-24,17.859
2005-06-25,18.589
2005-06-26,18.792
2005-06-27,19.191
2005-06-28,19.829
2005-06-29,19.047
2005-06-30,18.742
2005-07-01,18.645
2005-07-02,19.176000000000002
2005-07-03,19.35
2005-07-04,19.203
2005-07-05,19.554000000000002
2005-07-06,19.981
2005-07-07,20.554000000000002
2005-07-08,20.841
2005-07-09,20.716
2005-07-10,21.164
2005-07-11,21.873
2005-07-12,21.994
2005-07-13,21.675
2005-07-14,23.05
2005-07-15,23.526
2005-07-16,23.683
2005-07-17,23.362
2005-07-18,23.524
2005-07-19,23.962
2005-07-20,24.113
2005-07-21,24.006
2005-07-22,23.899
2005-07-23,23.799
2005-07-24,23.535
2005-07-25,23.269
2005-07-26,22.704
2005-07-27,22.695
2005-07-28,22.594
2005-07-29,22.551000000000002
2005-07-30,22.41
2005-07-31,22.64
2005-08-01,22.873
2005-08-02,22.965
2005-08-03,22.983
2005-08-04,23.153
2005-08-05,23.012
2005-08-06,22.997
2005-08-07,23.007
2005-08-08,23.085
2005-08-09,23.187
2005-08-10,23.313
2005-08-11,23.201999999999998
2005-08-12,23.135
2005-08-13,23
2005-08-14,23.04
2005-08-15,23.094
2005-08-16,22.793
2005-08-17,22.529
2005-08-18,22.458
2005-08-19,22.189
2005-08-20,21.597
2005-08-21,20.984
2005-08-22,21.016
2005-08-23,21.136
2005-08-24,21.264
2005-08-25,21.36
2005-08-26,21.459
2005-08-27,21.806
2005-08-28,21.933
2005-08-29,21.728
2005-08-30,21.823999999999998
2005-08-31,21.945
2005-09-01,21.961
2005-09-02,21.947
2005-09-03,21.829
2005-09-04,21.582
2005-09-05,21.355
2005-09-06,21.294
2005-09-07,21.216
2005-09-08,21.127
2005-09-09,21.25
2005-09-10,21.281
2005-09-11,21.341
2005-09-12,21.320999999999998
2005-09-13,20.832
2005-09-14,20.965
2005-09-15,21.065
2005-09-16,20.776
2005-09-17,20.505
2005-09-18,20.184
2005-09-19,20.118000000000002
2005-09-20,19.954
2005-09-21,19.895
2005-09-22,19.764
2005-09-23,19.692999999999998
2005-09-24,19.53
2005-09-25,19.334
2005-09-26,18.929000000000002
2005-09-27,18.64
2005-09-28,18.17
2005-09-29,17.259999999999998
2005-09-30,16.497999999999998
2005-10-01,16.442999999999998
2005-10-02,16.157
2005-10-03,16.113
2005-10-04,16.349
2005-10-05,16.419
2005-10-06,15.946
2005-10-07,16.298000000000002
2005-10-08,16.13
2005-10-09,15.993
2005-10-10,15.653
2005-10-11,15.315999999999999
2005-10-12,15.343
2005-10-13,15.545
2005-10-14,15.094
2005-10-15,14.978
2005-10-16,14.807
2005-10-17,14.401
2005-10-18,13.608
2005-10-19,13.376999999999999
2005-10-20,13.202
2005-10-21,12.883
2005-10-22,12.677999999999999
2005-10-23,12.395999999999999
2005-10-24,11.956999999999999
2005-10-25,11.34
2005-10-26,11.619
2005-10-27,11.497
2005-10-28,11.358
2005-10-29,11.103
2005-10-30,11.137
2005-10-31,10.868
2005-11-01,10.677999999999999
2005-11-02,9.641
2005-11-03,9.437999999999999
2005-11-04,8.75
2005-11-05,8.443000000000001
2005-11-06,8.259
2005-11-07,7.675999999999998
2005-11-08,7.451999999999998
2005-11-09,7.3309999999999995
2005-11-10,7.637999999999998
2005-11-11,7.510999999999999
2005-11-12,7.324999999999999
2005-11-13,7.411000000000001
2005-11-14,8.398
2005-11-15,7.393999999999998
2005-11-16,6.248000000000001
2005-11-17,6.649999999999999
2005-11-18,6.448999999999998
2005-11-19,6.439
2005-11-20,6.780000000000001
2005-11-21,6.2669999999999995
2005-11-22,6.355999999999998
2005-11-23,5.484999999999999
2005-11-24,6.367000000000001
2005-11-25,4.849999999999998
2005-11-26,4.716000000000001
2005-11-27,4.823
2005-11-28,4.388999999999999
2005-11-29,4.8309999999999995
2005-11-30,6.352
2005-12-01,5.579000000000001
2005-12-02,3.352999999999998
2005-12-03,3.190999999999999
2005-12-04,3.1149999999999984
2005-12-05,3.320999999999998
2005-12-06,2.710000000000001
2005-12-07,2.876999999999999
2005-12-08,2.997
2005-12-09,2.8610000000000007
2005-12-10,2.8419999999999987
2005-12-11,2.0919999999999987
2005-12-12,2.157
2005-12-13,2.228999999999999
2005-12-14,2.230999999999998
2005-12-15,2.058
2005-12-16,2.006999999999998
2005-12-17,1.811
2005-12-18,2.007999999999999
2005-12-19,3.448999999999998
2005-12-20,2.657
2005-12-21,3.2669999999999995
2005-12-22,2.852999999999998
2005-12-23,2.7319999999999993
2005-12-24,2.463000000000001
2005-12-25,2.7109999999999985
2005-12-26,2.3580000000000005
2005-12-27,2.558
2005-12-28,2.7510000000000012
2005-12-29,1.7420000000000009
2005-12-30,1.9830000000000005
2005-12-31,1.7399999999999984
2006-01-01,1.8290000000000006
2006-01-02,0.28699999999999903
2006-01-03,0.31899999999999906
2006-01-04,0.5399999999999991
2006-01-05,0.6170000000000009
2006-01-06,0.18499999999999872
2006-01-07,0.6050000000000004
2006-01-08,0.7809999999999988
2006-01-09,0.6780000000000008
2006-01-10,0.9359999999999999
2006-01-11,0.8329999999999984
2006-01-12,-1.4250000000000007
2006-01-13,-1.5470000000000006
2006-01-14,-1.314
2006-01-15,-1.179000000000002
2006-01-16,-1.1990000000000016
2006-01-17,-1.0030000000000001
2006-01-18,-0.679000000000002
2006-01-19,-0.9250000000000007
2006-01-20,-1.2199999999999989
2006-01-21,-1.1189999999999998
2006-01-22,-1.129999999999999
2006-01-23,-0.5869999999999997
2006-01-24,0.597999999999999
2006-01-25,1.1780000000000008
2006-01-26,1.036999999999999
2006-01-27,1.032
2006-01-28,1.2800000000000011
2006-01-29,1.654
2006-01-30,1.7139999999999986
2006-01-31,0.9800000000000004
2006-02-01,0.777000000000001
2006-02-02,-1.8000000000000007
2006-02-03,-1.8000000000000007
2006-02-04,-1.8000000000000007
2006-02-05,-1.8000000000000007
2006-02-06,-1.8000000000000007
2006-02-07,-1.4969999999999999
2006-02-08,-1.495000000000001
2006-02-09,-1.5399999999999991
2006-02-10,-1.6350000000000016
2006-02-11,-1.5410000000000004
2006-02-12,-0.7370000000000019
2006-02-13,-1.2489999999999988
2006-02-14,-1.5440000000000005
2006-02-15,-1.4960000000000022
2006-02-16,-1.2989999999999995
2006-02-17,-1.7220000000000013
2006-02-18,-1.6380000000000017
2006-02-19,-1.7950000000000017
2006-02-20,-1.718
2006-02-21,-1.743000000000002
2006-02-22,-1.7140000000000022
2006-02-23,-1.6649999999999991
2006-02-24,-1.1739999999999995
2006-02-25,-1.2050000000000018
2006-02-26,-1.0899999999999999
2006-02-27,-1.2860000000000014
2006-02-28,-1.254999999999999
2006-03-01,-1.2669999999999995
2006-03-02,0.05600000000000094
2006-03-03,0.31200000000000117
2006-03-04,0.3269999999999982
2006-03-05,0.40500000000000114
2006-03-06,0.40500000000000114
2006-03-07,0.44599999999999795
2006-03-08,0.5539999999999985
2006-03-09,-0.04899999999999949
2006-03-10,-0.019999999999999574
2006-03-11,-0.11599999999999966
2006-03-12,0.18400000000000105
2006-03-13,0.8269999999999982
2006-03-14,0.05699999999999861
2006-03-15,0.17599999999999838
2006-03-16,0.19699999999999918
2006-03-17,-0.010000000000001563
2006-03-18,0.2289999999999992
2006-03-19,0.39199999999999946
2006-03-20,0.23900000000000077
2006-03-21,0.18299999999999983
2006-03-22,0.2699999999999996
2006-03-23,0.18100000000000094
2006-03-24,-0.23300000000000054
2006-03-25,-0.07199999999999918
2006-03-26,-0.036999999999999034
2006-03-27,-0.08800000000000097
2006-03-28,0.3559999999999981
2006-03-29,0.48600000000000065
2006-03-30,0.527000000000001
2006-03-31,0.18299999999999983
2006-04-01,0.9239999999999995
2006-04-02,2.1110000000000007
2006-04-03,2.0869999999999997
2006-04-04,2.0889999999999986
2006-04-05,2.030000000000001
2006-04-06,1.4939999999999998
2006-04-07,1.2949999999999982
2006-04-08,1.404
2006-04-09,1.3599999999999994
2006-04-10,1.230999999999998
2006-04-11,1.225999999999999
2006-04-12,1.320999999999998
2006-04-13,1.373000000000001
2006-04-14,2.128999999999998
2006-04-15,2.3909999999999982
2006-04-16,2.561
2006-04-17,2.7070000000000007
2006-04-18,2.564
2006-04-19,2.437999999999999
2006-04-20,2.433
2006-04-21,2.809000000000001
2006-04-22,2.9909999999999997
2006-04-23,3.1050000000000004
2006-04-24,3.120000000000001
2006-04-25,3.1260000000000012
2006-04-26,3.122
2006-04-27,3.4570000000000007
2006-04-28,3.565999999999999
2006-04-29,2.858999999999998
2006-04-30,3.6739999999999995
2006-05-01,4.660999999999998
2006-05-02,4.858999999999998
2006-05-03,4.780000000000001
2006-05-04,4.5440000000000005
2006-05-05,4.3969999999999985
2006-05-06,4.471
2006-05-07,4.512999999999998
2006-05-08,4.533999999999999
2006-05-09,4.643000000000001
2006-05-10,4.564
2006-05-11,4.7059999999999995
2006-05-12,4.8679999999999986
2006-05-13,4.9190000000000005
2006-05-14,4.491
2006-05-15,4.649999999999999
2006-05-16,5.07
2006-05-17,5.584
2006-05-18,5.420999999999999
2006-05-19,5.57
2006-05-20,5.445999999999998
2006-05-21,5.477
2006-05-22,5.981999999999999
2006-05-23,5.747
2006-05-24,5.527999999999999
2006-05-25,5.137999999999998
2006-05-26,4.773
2006-05-27,5.812000000000001
2006-05-28,6.882999999999999
2006-05-29,7.524000000000001
2006-05-30,8.172999999999998
2006-05-31,8.84
2006-06-01,9.743
2006-06-02,10.59
2006-06-03,10.901
2006-06-04,11.259
2006-06-05,12.185
2006-06-06,12.833
2006-06-07,12.946
2006-06-08,12.379999999999999
2006-06-09,12.324
2006-06-10,11.968
2006-06-11,11.906
2006-06-12,12.577
2006-06-13,12.577
2006-06-14,12.76
2006-06-15,12.735
2006-06-16,13.035
2006-06-17,13.588
2006-06-18,14.174
2006-06-19,15.286999999999999
2006-06-20,15.558
2006-06-21,15.686
2006-06-22,15.940999999999999
2006-06-23,16.147
2006-06-24,16.166
2006-06-25,16.052
2006-06-26,15.872
2006-06-27,16.208
2006-06-28,18.057
2006-06-29,17.564
2006-06-30,17.717
2006-07-01,17.839
2006-07-02,17.81
2006-07-03,17.776
2006-07-04,17.709
2006-07-05,17.451
2006-07-06,17.387
2006-07-07,17.496
2006-07-08,17.787
2006-07-09,17.838
2006-07-10,18.639
2006-07-11,20.076
2006-07-12,20.769
2006-07-13,20.689999999999998
2006-07-14,20.945999999999998
2006-07-15,21.538
2006-07-16,22.057
2006-07-17,22.212
2006-07-18,22.275
2006-07-19,22.653
2006-07-20,22.607
2006-07-21,22.408
2006-07-22,22.115
2006-07-23,21.628
2006-07-24,21.871
2006-07-25,22.056
2006-07-26,22.214
2006-07-27,22.353
2006-07-28,22.8
2006-07-29,23.405
2006-07-30,23.6
2006-07-31,23.498
2006-08-01,23.001
2006-08-02,23.903
2006-08-03,23.963
2006-08-04,23.924
2006-08-05,23.784
2006-08-06,23.672
2006-08-07,23.211
2006-08-08,23.562
2006-08-09,23.421
2006-08-10,22.89
2006-08-11,22.454
2006-08-12,22.358
2006-08-13,22.36
2006-08-14,22.451999999999998
2006-08-15,22.326
2006-08-16,21.929
2006-08-17,21.692
2006-08-18,21.73
2006-08-19,21.784
2006-08-20,21.814
2006-08-21,21.674
2006-08-22,21.708
2006-08-23,21.609
2006-08-24,21.281
2006-08-25,21.315
2006-08-26,21.157
2006-08-27,21.218
2006-08-28,21.029
2006-08-29,21
2006-08-30,21.048000000000002
2006-08-31,21.095
2006-09-01,21.076
2006-09-02,21.070999999999998
2006-09-03,19.537
2006-09-04,18.653
2006-09-05,18.694
2006-09-06,18.854
2006-09-07,19.033
2006-09-08,18.873
2006-09-09,18.758
2006-09-10,18.598
2006-09-11,18.555
2006-09-12,18.75
2006-09-13,18.469
2006-09-14,17.694
2006-09-15,17.761
2006-09-16,18.232
2006-09-17,18.436
2006-09-18,18.453
2006-09-19,18.454
2006-09-20,16.83
2006-09-21,16.645
2006-09-22,16.521
2006-09-23,16.564999999999998
2006-09-24,16.397
2006-09-25,15.924
2006-09-26,15.845
2006-09-27,15.247
2006-09-28,14.955
2006-09-29,14.786999999999999
2006-09-30,14.822
2006-10-01,14.734
2006-10-02,14.65
2006-10-03,14.658999999999999
2006-10-04,14.654
2006-10-05,14.743
2006-10-06,14.624
2006-10-07,14.548
2006-10-08,14.448
2006-10-09,14.422
2006-10-10,14.478
2006-10-11,14.526
2006-10-12,12.889
2006-10-13,12.097999999999999
2006-10-14,11.578
2006-10-15,11.434
2006-10-16,11.446
2006-10-17,11.501
2006-10-18,11.718
2006-10-19,10.621
2006-10-20,10.443999999999999
2006-10-21,10.264
2006-10-22,10.03
2006-10-23,9.974
2006-10-24,9.814
2006-10-25,10.08
2006-10-26,9.844
2006-10-27,9.83
2006-10-28,9.587
2006-10-29,9.85
2006-10-30,9.594999999999999
2006-10-31,9.44
2006-11-01,9.302
2006-11-02,8.928999999999998
2006-11-03,8.844999999999999
2006-11-04,8.727999999999998
2006-11-05,8.596
2006-11-06,8.501999999999999
2006-11-07,8.582999999999998
2006-11-08,8.325
2006-11-09,8.041999999999998
2006-11-10,8.064
2006-11-11,8.082999999999998
2006-11-12,8.088000000000001
2006-11-13,8.108999999999998
2006-11-14,7.559999999999999
2006-11-15,7.311
2006-11-16,7.196999999999999
2006-11-17,7.201999999999998
2006-11-18,6.774000000000001
2006-11-19,7.152999999999999
2006-11-20,7.448
2006-11-21,7.375
2006-11-22,7.530999999999999
2006-11-23,7.643000000000001
2006-11-24,7.702999999999999
2006-11-25,7.8629999999999995
2006-11-26,7.847999999999999
2006-11-27,7.378
2006-11-28,6.594999999999999
2006-11-29,6.468
2006-11-30,6.286000000000001
2006-12-01,6.908999999999999
2006-12-02,6.501000000000001
2006-12-03,6.227
2006-12-04,6.198
2006-12-05,5.503
2006-12-06,5.323999999999998
2006-12-07,5.1739999999999995
2006-12-08,5.376000000000001
2006-12-09,5.341999999999999
2006-12-10,5.23
2006-12-11,5.320999999999998
2006-12-12,5.405999999999999
2006-12-13,5.678000000000001
2006-12-14,5.678000000000001
2006-12-15,5.631
2006-12-16,6.071999999999999
2006-12-17,6.065999999999999
2006-12-18,5.919999999999998
2006-12-19,5.631999999999998
2006-12-20,5.536000000000001
2006-12-21,5.6129999999999995
2006-12-22,5.808
2006-12-23,5.93
2006-12-24,5.3919999999999995
2006-12-25,4.573999999999998
2006-12-26,4.788999999999998
2006-12-27,4.530999999999999
2006-12-28,4.446999999999999
2006-12-29,4.553000000000001
2006-12-30,4.599999999999998
2006-12-31,4.556000000000001
2007-01-01,5.122
2007-01-02,5.295999999999999
2007-01-03,5.2620000000000005
2007-01-04,5.402000000000001
2007-01-05,5.5809999999999995
2007-01-06,5.663999999999998
2007-01-07,4.119
2007-01-08,4.152000000000001
2007-01-09,4.021000000000001
2007-01-10,3.9250000000000007
2007-01-11,3.803000000000001
2007-01-12,4.053000000000001
2007-01-13,4.364999999999998
2007-01-14,4.614999999999998
2007-01-15,3.652000000000001
2007-01-16,3.3900000000000006
2007-01-17,3.3619999999999983
2007-01-18,3.373000000000001
2007-01-19,3.2489999999999988
2007-01-20,2.658999999999999
2007-01-21,2.812000000000001
2007-01-22,2.9589999999999996
2007-01-23,3.378
2007-01-24,3.094999999999999
2007-01-25,2.9540000000000006
2007-01-26,2.960000000000001
2007-01-27,2.652000000000001
2007-01-28,2.5479999999999983
2007-01-29,2.416999999999998
2007-01-30,2.2989999999999995
2007-01-31,2.350999999999999
2007-02-01,2.4879999999999995
2007-02-02,2.4570000000000007
2007-02-03,2.5760000000000005
2007-02-04,2.4639999999999986
2007-02-05,2.039999999999999
2007-02-06,2.1499999999999986
2007-02-07,2.245000000000001
2007-02-08,2.3889999999999993
2007-02-09,2.5519999999999996
2007-02-10,1.9839999999999982
2007-02-11,1.5429999999999993
2007-02-12,0.4280000000000008
2007-02-13,1.779
2007-02-14,1.8879999999999981
2007-02-15,2.2029999999999994
2007-02-16,2.2040000000000006
2007-02-17,2.201999999999998
2007-02-18,2.233999999999998
2007-02-19,0.8509999999999991
2007-02-20,0.5500000000000007
2007-02-21,0.36499999999999844
2007-02-22,0.33800000000000097
2007-02-23,0.4280000000000008
2007-02-24,0.6230000000000011
2007-02-25,0.8099999999999987
2007-02-26,0.8219999999999992
2007-02-27,0.6189999999999998
2007-02-28,0.536999999999999
2007-03-01,0.5829999999999984
2007-03-02,0.7349999999999994
2007-03-03,0.8460000000000001
2007-03-04,0.7210000000000001
2007-03-05,0.7349999999999994
2007-03-06,0.7830000000000013
2007-03-07,0.875
2007-03-08,1.1289999999999978
2007-03-09,0.9349999999999987
2007-03-10,1.3760000000000012
2007-03-11,1.3419999999999987
2007-03-12,1.3919999999999995
2007-03-13,1.2749999999999986
2007-03-14,0.5289999999999999
2007-03-15,0.2889999999999979
2007-03-16,0.36100000000000065
2007-03-17,0.4239999999999995
2007-03-18,0.4209999999999994
2007-03-19,0.40800000000000125
2007-03-20,0.4969999999999999
2007-03-21,0.6780000000000008
2007-03-22,0.48600000000000065
2007-03-23,0.3780000000000001
2007-03-24,-0.01600000000000179
2007-03-25,-0.062000000000001165
2007-03-26,0.9009999999999998
2007-03-27,0.9239999999999995
2007-03-28,0.8200000000000003
2007-03-29,0.6729999999999983
2007-03-30,0.7659999999999982
2007-03-31,1.2729999999999997
2007-04-01,1.8320000000000007
2007-04-02,1.995000000000001
2007-04-03,2.0249999999999986
2007-04-04,1.995000000000001
2007-04-05,1.6110000000000007
2007-04-06,1.3170000000000002
2007-04-07,1.3249999999999993
2007-04-08,1.1119999999999983
2007-04-09,1.198999999999998
2007-04-10,1.1439999999999984
2007-04-11,0.782
2007-04-12,0.597999999999999
2007-04-13,0.4920000000000009
2007-04-14,0.8369999999999997
2007-04-15,0.9050000000000011
2007-04-16,1.1050000000000004
2007-04-17,2
2007-04-18,2.5279999999999987
2007-04-19,3.2970000000000006
2007-04-20,3.608999999999998
2007-04-21,3.5189999999999984
2007-04-22,3.6359999999999992
2007-04-23,3.1310000000000002
2007-04-24,1.9130000000000003
2007-04-25,1.9289999999999985
2007-04-26,1.7779999999999987
2007-04-27,1.6439999999999984
2007-04-28,2.867000000000001
2007-04-29,2.902000000000001
2007-04-30,2.6750000000000007
2007-05-01,2.625
2007-05-02,2.469999999999999
2007-05-03,2.631999999999998
2007-05-04,2.7560000000000002
2007-05-05,3.196999999999999
2007-05-06,3.1140000000000008
2007-05-07,3.178000000000001
2007-05-08,3.6999999999999993
2007-05-09,3.631999999999998
2007-05-10,3.8279999999999994
2007-05-11,3.521000000000001
2007-05-12,3.1819999999999986
2007-05-13,3.289999999999999
2007-05-14,3.413999999999998
2007-05-15,3.3709999999999987
2007-05-16,3.8309999999999995
2007-05-17,4.045999999999999
2007-05-18,4.038999999999998
2007-05-19,4.106999999999999
2007-05-20,4.361000000000001
2007-05-21,5.0809999999999995
2007-05-22,4.783999999999999
2007-05-23,4.309000000000001
2007-05-24,3.7489999999999988
2007-05-25,4.341999999999999
2007-05-26,4.966000000000001
2007-05-27,5.474999999999998
2007-05-28,5.744
2007-05-29,5.5539999999999985
2007-05-30,5.533999999999999
2007-05-31,4.742000000000001
2007-06-01,4.558
2007-06-02,5.463999999999999
2007-06-03,6.065999999999999
2007-06-04,6.332000000000001
2007-06-05,5.483999999999998
2007-06-06,5.1370000000000005
2007-06-07,6.151
2007-06-08,7.116
2007-06-09,8.396
2007-06-10,7.975999999999999
2007-06-11,12.815
2007-06-12,14.109
2007-06-13,14.374
2007-06-14,14.329
2007-06-15,13.834999999999999
2007-06-16,12.183
2007-06-17,13.089
2007-06-18,12.198
2007-06-19,13.28
2007-06-20,13.999
2007-06-21,14.212
2007-06-22,14.382
2007-06-23,14.65
2007-06-24,14.811
2007-06-25,14.533999999999999
2007-06-26,14.712
2007-06-27,15.805
2007-06-28,16.439
2007-06-29,16.076
2007-06-30,16.067
2007-07-01,15.794
2007-07-02,15.701
2007-07-03,15.613
2007-07-04,16.451999999999998
2007-07-05,18.198
2007-07-06,18.572
2007-07-07,18.409
2007-07-08,18.559
2007-07-09,19.059
2007-07-10,18.752
2007-07-11,18.673000000000002
2007-07-12,18.55
2007-07-13,17.917
2007-07-14,17.713
2007-07-15,18.250999999999998
2007-07-16,19.155
2007-07-17,19.767
2007-07-18,19.678
2007-07-19,18.976
2007-07-20,18.728
2007-07-21,18.683
2007-07-22,18.326999999999998
2007-07-23,18.971
2007-07-24,19.465
2007-07-25,20.241
2007-07-26,21.019
2007-07-27,21.357
2007-07-28,22.021
2007-07-29,22.296
2007-07-30,22.436
2007-07-31,22.828
2007-08-01,23.137999999999998
2007-08-02,23.479
2007-08-03,23.61
2007-08-04,23.546
2007-08-05,22.895
2007-08-06,22.833
2007-08-07,23.256
2007-08-08,23.493
2007-08-09,23.345
2007-08-10,22.736
2007-08-11,22.964
2007-08-12,23.002
2007-08-13,23.032
2007-08-14,22.399
2007-08-15,21.445
2007-08-16,20.16
2007-08-17,20.079
2007-08-18,20.162
2007-08-19,20.256
2007-08-20,19.829
2007-08-21,19.726
2007-08-22,18.471
2007-08-23,18.243
2007-08-24,19.04
2007-08-25,19.92
2007-08-26,20.361
2007-08-27,20.317999999999998
2007-08-28,20.467
2007-08-29,20.441
2007-08-30,20.216
2007-08-31,20.201999999999998
2007-09-01,20.11
2007-09-02,19.959
2007-09-03,20.06
2007-09-04,20.316
2007-09-05,20.214
2007-09-06,20.078
2007-09-07,19.942999999999998
2007-09-08,20.104
2007-09-09,20.349
2007-09-10,20.346
2007-09-11,19.782
2007-09-12,19.06
2007-09-13,18.733
2007-09-14,18.43
2007-09-15,17.762
2007-09-16,17.907
2007-09-17,17.878999999999998
2007-09-18,17.962
2007-09-19,18.054000000000002
2007-09-20,18.171
2007-09-21,18.283
2007-09-22,18.523
2007-09-23,18.516
2007-09-24,18.54
2007-09-25,18.478
2007-09-26,18.38
2007-09-27,17.539
2007-09-28,17.616
2007-09-29,17.691
2007-09-30,17.481
2007-10-01,17.299
2007-10-02,17.59
2007-10-03,17.645
2007-10-04,17.621
2007-10-05,17.64
2007-10-06,17.713
2007-10-07,17.994
2007-10-08,17.981
2007-10-09,18.079
2007-10-10,18.231
2007-10-11,17.898
2007-10-12,15.661
2007-10-13,14.381
2007-10-14,14.607
2007-10-15,14.536999999999999
2007-10-16,14.579
2007-10-17,14.782
2007-10-18,15.043
2007-10-19,14.794
2007-10-20,14.765
2007-10-21,14.522
2007-10-22,14.218
2007-10-23,14.068999999999999
2007-10-24,14.012
2007-10-25,13.91
2007-10-26,13.959
2007-10-27,14.068
2007-10-28,14.067
2007-10-29,13.264
2007-10-30,13.011
2007-10-31,12.952
2007-11-01,12.600999999999999
2007-11-02,12.395999999999999
2007-11-03,11.948
2007-11-04,11.872
2007-11-05,11.924
2007-11-06,11.884
2007-11-07,11.903
2007-11-08,10.940999999999999
2007-11-09,10.775
2007-11-10,10.799
2007-11-11,10.903
2007-11-12,10.984
2007-11-13,10.728
2007-11-14,10.786
2007-11-15,10.459
2007-11-16,10.129
2007-11-17,9.884
2007-11-18,9.824
2007-11-19,9.725999999999999
2007-11-20,9.733
2007-11-21,9.458
2007-11-22,7.8919999999999995
2007-11-23,7.672999999999998
2007-11-24,8.335999999999999
2007-11-25,8.207
2007-11-26,7.881
2007-11-27,7.638999999999999
2007-11-28,6.559000000000001
2007-11-29,6.029
2007-11-30,5.963000000000001
2007-12-01,5.866
2007-12-02,5.867000000000001
2007-12-03,5.681000000000001
2007-12-04,5.010999999999999
2007-12-05,5.597000000000001
2007-12-06,5.739000000000001
2007-12-07,5.84
2007-12-08,5.954999999999998
2007-12-09,6.2940000000000005
2007-12-10,6.003
2007-12-11,4.809999999999999
2007-12-12,3.8389999999999986
2007-12-13,3.6479999999999997
2007-12-14,3.626999999999999
2007-12-15,3.852999999999998
2007-12-16,4.135999999999999
2007-12-17,4.332999999999998
2007-12-18,4.2940000000000005
2007-12-19,4.001000000000001
2007-12-20,2.7669999999999995
2007-12-21,2.753999999999998
2007-12-22,3.8520000000000003
2007-12-23,4.131
2007-12-24,4.338000000000001
2007-12-25,4.404
2007-12-26,4.163999999999998
2007-12-27,4.5489999999999995
2007-12-28,4.507999999999999
2007-12-29,4.427
2007-12-30,2.1110000000000007
2007-12-31,2.0790000000000006
2008-01-01,1.8389999999999986
2008-01-02,1.5899999999999999
2008-01-03,1.7989999999999995
2008-01-04,3.0010000000000012
2008-01-05,3.283999999999999
2008-01-06,3.681000000000001
2008-01-07,3.698999999999998
2008-01-08,4.111999999999998
2008-01-09,3.678000000000001
2008-01-10,3.661999999999999
2008-01-11,3.0809999999999995
2008-01-12,2.899000000000001
2008-01-13,2.789999999999999
2008-01-14,2.9250000000000007
2008-01-15,3.0060000000000002
2008-01-16,3.3419999999999987
2008-01-17,3.4450000000000003
2008-01-18,3.530000000000001
2008-01-19,3.5159999999999982
2008-01-20,3.401
2008-01-21,4.094000000000001
2008-01-22,4.187999999999999
2008-01-23,4.209
2008-01-24,3.9080000000000013
2008-01-25,2.276
2008-01-26,1.0820000000000007
2008-01-27,0.9429999999999978
2008-01-28,1.5500000000000007
2008-01-29,2.0799999999999983
2008-01-30,2.8999999999999986
2008-01-31,3.588000000000001
2008-02-01,3.507999999999999
2008-02-02,3.538999999999998
2008-02-03,3.567999999999998
2008-02-04,3.6189999999999998
2008-02-05,3.716000000000001
2008-02-06,3.1499999999999986
2008-02-07,2.814
2008-02-08,3.855999999999998
2008-02-09,1.8309999999999995
2008-02-10,0.9559999999999995
2008-02-11,0.4819999999999993
2008-02-12,0.4480000000000004
2008-02-13,0.3819999999999979
2008-02-14,0.31400000000000006
2008-02-15,0.6810000000000009
2008-02-16,0.75
2008-02-17,0.7759999999999998
2008-02-18,0.9269999999999996
2008-02-19,0.9399999999999977
2008-02-20,0.7019999999999982
2008-02-21,0.5579999999999998
2008-02-22,0.8049999999999997
2008-02-23,0.8170000000000002
2008-02-24,0.9220000000000006
2008-02-25,1.186
2008-02-26,1.5060000000000002
2008-02-27,1.5809999999999995
2008-02-28,-0.09199999999999875
2008-02-29,0.3290000000000006
2008-03-01,0.39399999999999835
2008-03-02,0.7399999999999984
2008-03-03,0.8099999999999987
2008-03-04,0.8129999999999988
2008-03-05,1.073999999999998
2008-03-06,0.9570000000000007
2008-03-07,0.6129999999999995
2008-03-08,0.2859999999999978
2008-03-09,0.245000000000001
2008-03-10,0.1559999999999988
2008-03-11,0.2190000000000012
2008-03-12,0.4710000000000001
2008-03-13,0.5899999999999999
2008-03-14,0.5470000000000006
2008-03-15,0.5159999999999982
2008-03-16,0.3520000000000003
2008-03-17,0.2539999999999978
2008-03-18,0.29499999999999815
2008-03-19,0.34999999999999787
2008-03-20,0.5240000000000009
2008-03-21,0.3930000000000007
2008-03-22,0.2259999999999991
2008-03-23,0.2629999999999981
2008-03-24,0.08500000000000085
2008-03-25,-0.013000000000001677
2008-03-26,0.1750000000000007
2008-03-27,0.23900000000000077
2008-03-28,0.18799999999999883
2008-03-29,0.16300000000000026
2008-03-30,0.3520000000000003
2008-03-31,0.6149999999999984
2008-04-01,0.7199999999999989
2008-04-02,0.6859999999999999
2008-04-03,0.6690000000000005
2008-04-04,0.7979999999999983
2008-04-05,1.3000000000000007
2008-04-06,1.6469999999999985
2008-04-07,1.745000000000001
2008-04-08,1.716000000000001
2008-04-09,1.5719999999999992
2008-04-10,1.472999999999999
2008-04-11,1.625
2008-04-12,1.3520000000000003
2008-04-13,1.2439999999999998
2008-04-14,1.0999999999999979
2008-04-15,1.1069999999999993
2008-04-16,1.0249999999999986
2008-04-17,1.5210000000000008
2008-04-18,1.7459999999999987
2008-04-19,2.6239999999999988
2008-04-20,2.811
2008-04-21,2.8049999999999997
2008-04-22,3.1580000000000013
2008-04-23,3.465
2008-04-24,3.4869999999999983
2008-04-25,3.5169999999999995
2008-04-26,3.701999999999998
2008-04-27,3.2059999999999995
2008-04-28,2.7300000000000004
2008-04-29,2.4499999999999993
2008-04-30,2.5889999999999986
2008-05-01,2.465
2008-05-02,2.628999999999998
2008-05-03,2.7390000000000008
2008-05-04,3.4400000000000013
2008-05-05,3.2109999999999985
2008-05-06,3.507999999999999
2008-05-07,3.5189999999999984
2008-05-08,3.190999999999999
2008-05-09,2.533999999999999
2008-05-10,2.2979999999999983
2008-05-11,3.099999999999998
2008-05-12,3.948999999999998
2008-05-13,4.2330000000000005
2008-05-14,4.937000000000001
2008-05-15,5.120999999999999
2008-05-16,4.933
2008-05-17,4.800999999999998
2008-05-18,4.925999999999998
2008-05-19,4.631999999999998
2008-05-20,4.041999999999998
2008-05-21,4.471
2008-05-22,5.585000000000001
2008-05-23,6.135999999999999
2008-05-24,6.221
2008-05-25,5.945
2008-05-26,6.564
2008-05-27,7.015000000000001
2008-05-28,7.1739999999999995
2008-05-29,7.199999999999999
2008-05-30,7.157
2008-05-31,7.669999999999998
2008-06-01,7.282
2008-06-02,7.1419999999999995
2008-06-03,7.097999999999999
2008-06-04,7.102999999999998
2008-06-05,7.393000000000001
2008-06-06,7.393999999999998
2008-06-07,7.879999999999999
2008-06-08,8.939
2008-06-09,11.118
2008-06-10,11.834
2008-06-11,11.849
2008-06-12,11.808
2008-06-13,11.658
2008-06-14,11.6
2008-06-15,11.538
2008-06-16,11.360999999999999
2008-06-17,11.411
2008-06-18,11.286999999999999
2008-06-19,12.815999999999999
2008-06-20,13.153
2008-06-21,13.52
2008-06-22,14.078
2008-06-23,16.34
2008-06-24,16.503
2008-06-25,16.206
2008-06-26,16.098
2008-06-27,15.982
2008-06-28,16.344
2008-06-29,17.182
2008-06-30,17.868
2008-07-01,18.026
2008-07-02,17.631
2008-07-03,17.378
2008-07-04,17.601
2008-07-05,17.92
2008-07-06,18.442
2008-07-07,18.564999999999998
2008-07-08,18.669
2008-07-09,18.766
2008-07-10,18.589
2008-07-11,18.497
2008-07-12,18.416
2008-07-13,18.851
2008-07-14,19.012
2008-07-15,19.201
2008-07-16,19.04
2008-07-17,19.07
2008-07-18,20.881999999999998
2008-07-19,21.17
2008-07-20,21.084
2008-07-21,21.335
2008-07-22,21.433
2008-07-23,20.934
2008-07-24,20.567999999999998
2008-07-25,20.597
2008-07-26,20.475
2008-07-27,20.774
2008-07-28,20.945999999999998
2008-07-29,20.959
2008-07-30,21.068
2008-07-31,21.266
2008-08-01,21.297
2008-08-02,21.198
2008-08-03,21.198999999999998
2008-08-04,21.237000000000002
2008-08-05,21.488
2008-08-06,21.944
2008-08-07,21.725
2008-08-08,21.604
2008-08-09,21.34
2008-08-10,20.741
2008-08-11,20.776
2008-08-12,20.891
2008-08-13,21.056
2008-08-14,21.043
2008-08-15,20.971
2008-08-16,21.426
2008-08-17,21.561
2008-08-18,21.312
2008-08-19,21.225
2008-08-20,21.05
2008-08-21,20.929000000000002
2008-08-22,20.766
2008-08-23,20.782
2008-08-24,21.012
2008-08-25,21.364
2008-08-26,21.661
2008-08-27,21.732
2008-08-28,21.531
2008-08-29,21.314
2008-08-30,21.315
2008-08-31,21.336
2008-09-01,21.304
2008-09-02,21.781
2008-09-03,22.423000000000002
2008-09-04,22.339
2008-09-05,20.73
2008-09-06,20.223
2008-09-07,20.229
2008-09-08,20.209
2008-09-09,19.991
2008-09-10,19.614
2008-09-11,19.52
2008-09-12,19.564
2008-09-13,19.594
2008-09-14,18.505
2008-09-15,18.162
2008-09-16,18.195999999999998
2008-09-17,18.326
2008-09-18,18.428
2008-09-19,18.188
2008-09-20,17.979
2008-09-21,17.811
2008-09-22,17.713
2008-09-23,17.951999999999998
2008-09-24,18.28
2008-09-25,18.434
2008-09-26,18.375999999999998
2008-09-27,18.333
2008-09-28,17.982
2008-09-29,17.32
2008-09-30,17.304000000000002
2008-10-01,17.185
2008-10-02,15.384
2008-10-03,14.874
2008-10-04,14.838
2008-10-05,14.877
2008-10-06,14.859
2008-10-07,14.924
2008-10-08,15.174999999999999
2008-10-09,15.113
2008-10-10,14.551
2008-10-11,14.522
2008-10-12,15.028
2008-10-13,15.205
2008-10-14,14.991999999999999
2008-10-15,14.873
2008-10-16,14.863999999999999
2008-10-17,14.068
2008-10-18,13.975
2008-10-19,13.953
2008-10-20,13.988
2008-10-21,13.469
2008-10-22,12.309
2008-10-23,12.027
2008-10-24,12.107
2008-10-25,11.988
2008-10-26,10.815
2008-10-27,10.844
2008-10-28,11.116
2008-10-29,11.045
2008-10-30,10.767
2008-10-31,10.419
2008-11-01,10.283999999999999
2008-11-02,10.334999999999999
2008-11-03,9.964
2008-11-04,10.155999999999999
2008-11-05,10.513
2008-11-06,10.716
2008-11-07,10.82
2008-11-08,10.858
2008-11-09,11.051
2008-11-10,8.02
2008-11-11,7.942
2008-11-12,8.157
2008-11-13,7.4879999999999995
2008-11-14,7.356999999999999
2008-11-15,7.164999999999999
2008-11-16,6.709
2008-11-17,7.343
2008-11-18,7.302
2008-11-19,7.405000000000001
2008-11-20,7.2379999999999995
2008-11-21,6.138999999999999
2008-11-22,5.829999999999998
2008-11-23,6.036999999999999
2008-11-24,6.297000000000001
2008-11-25,6.437000000000001
2008-11-26,5.936
2008-11-27,6.291
2008-11-28,6.324999999999999
2008-11-29,6.274999999999999
2008-11-30,6.021000000000001
2008-12-01,5.099
2008-12-02,5.131999999999998
2008-12-03,5.288999999999998
2008-12-04,5.52
2008-12-05,5.276
2008-12-06,5.07
2008-12-07,4.715
2008-12-08,3.5380000000000003
2008-12-09,4.015999999999998
2008-12-10,4.148
2008-12-11,4.120999999999999
2008-12-12,3.9989999999999988
2008-12-13,3.8760000000000012
2008-12-14,3.131999999999998
2008-12-15,3.3919999999999995
2008-12-16,3.6419999999999995
2008-12-17,3.7059999999999995
2008-12-18,3.7680000000000007
2008-12-19,3.7439999999999998
2008-12-20,2.9989999999999988
2008-12-21,3.561
2008-12-22,3.916999999999998
2008-12-23,2.181000000000001
2008-12-24,2.192
2008-12-25,2.061
2008-12-26,2.096
2008-12-27,1.9009999999999998
2008-12-28,1.9379999999999988
2008-12-29,1.9740000000000002
2008-12-30,3.038999999999998
2008-12-31,2.8599999999999994
2009-01-01,2.382999999999999
2009-01-02,2.085000000000001
2009-01-03,2.413999999999998
2009-01-04,2.7330000000000005
2009-01-05,2.7330000000000005
2009-01-06,2.9579999999999984
2009-01-07,3.2749999999999986
2009-01-08,1.2439999999999998
2009-01-09,0.7940000000000005
2009-01-10,0.7319999999999993
2009-01-11,1.2429999999999986
2009-01-12,1.7710000000000008
2009-01-13,2.8649999999999984
2009-01-14,2.6419999999999995
2009-01-15,2.4800000000000004
2009-01-16,2.3150000000000013
2009-01-17,0.75
2009-01-18,0.8979999999999997
2009-01-19,0.8350000000000009
2009-01-20,0.7139999999999986
2009-01-21,0.8769999999999989
2009-01-22,1.198999999999998
2009-01-23,1.5779999999999994
2009-01-24,1.436
2009-01-25,0.8339999999999996
2009-01-26,1.001999999999999
2009-01-27,1.0330000000000013
2009-01-28,0.9299999999999997
2009-01-29,0.9310000000000009
2009-01-30,0.6720000000000006
2009-01-31,0.6920000000000002
2009-02-01,0.7639999999999993
2009-02-02,0.8290000000000006
2009-02-03,2.105999999999998
2009-02-04,1.8170000000000002
2009-02-05,1.251999999999999
2009-02-06,0.7659999999999982
2009-02-07,0.3719999999999999
2009-02-08,0.11400000000000077
2009-02-09,0.19899999999999807
2009-02-10,0.32399999999999807
2009-02-11,0.620000000000001
2009-02-12,0.41300000000000026
2009-02-13,0.2579999999999991
2009-02-14,0.14699999999999847
2009-02-15,0.2530000000000001
2009-02-16,1.102999999999998
2009-02-17,0.8049999999999997
2009-02-18,0.713000000000001
2009-02-19,0.6149999999999984
2009-02-20,0.5519999999999996
2009-02-21,0.570999999999998
2009-02-22,0.6050000000000004
2009-02-23,0.6969999999999992
2009-02-24,1.341000000000001
2009-02-25,1.3580000000000005
2009-02-26,1.0459999999999994
2009-02-27,1.283999999999999
2009-02-28,0.8309999999999995
2009-03-01,1.1999999999999993
2009-03-02,1.2629999999999981
2009-03-03,1.4250000000000007
2009-03-04,1.2650000000000006
2009-03-05,0.8580000000000005
2009-03-06,0.7880000000000003
2009-03-07,0.7669999999999995
2009-03-08,0.7109999999999985
2009-03-09,0.7049999999999983
2009-03-10,0.7899999999999991
2009-03-11,0.7219999999999978
2009-03-12,0.6039999999999992
2009-03-13,0.657
2009-03-14,0.41499999999999915
2009-03-15,0.31599999999999895
2009-03-16,0.29199999999999804
2009-03-17,-0.23799999999999955
2009-03-18,-0.23799999999999955
2009-03-19,-0.4400000000000013
2009-03-20,-0.3240000000000016
2009-03-21,0.07699999999999818
2009-03-22,0.6649999999999991
2009-03-23,0.6899999999999977
2009-03-24,0.7510000000000012
2009-03-25,0.7289999999999992
2009-03-26,0.6580000000000013
2009-03-27,0.8499999999999979
2009-03-28,0.8829999999999991
2009-03-29,0.875
2009-03-30,0.7759999999999998
2009-03-31,0.8279999999999994
2009-04-01,0.8610000000000007
2009-04-02,0.809000000000001
2009-04-03,1.4050000000000011
2009-04-04,1.1769999999999996
2009-04-05,1.2800000000000011
2009-04-06,1.4860000000000007
2009-04-07,1.5210000000000008
2009-04-08,0.9980000000000011
2009-04-09,1.2369999999999983
2009-04-10,1.3640000000000008
2009-04-11,1.4420000000000002
2009-04-12,1.4839999999999982
2009-04-13,1.634999999999998
2009-04-14,1.7590000000000003
2009-04-15,1.8079999999999998
2009-04-16,1.8009999999999984
2009-04-17,1.8670000000000009
2009-04-18,1.9959999999999987
2009-04-19,2.1630000000000003
2009-04-20,2.2689999999999984
2009-04-21,2.2689999999999984
2009-04-22,3.0869999999999997
2009-04-23,2.9080000000000013
2009-04-24,3.053000000000001
2009-04-25,3.5599999999999987
2009-04-26,3.815999999999999
2009-04-27,4.431000000000001
2009-04-28,4.0539999999999985
2009-04-29,3.6580000000000013
2009-04-30,3.151
2009-05-01,3.8150000000000013
2009-05-02,5.106999999999999
2009-05-03,5.187999999999999
2009-05-04,5.108999999999998
2009-05-05,4.914999999999999
2009-05-06,4.791999999999998
2009-05-07,4.466000000000001
2009-05-08,4.216999999999999
2009-05-09,3.032
2009-05-10,4.015999999999998
2009-05-11,4.791999999999998
2009-05-12,4.827999999999999
2009-05-13,4.5859999999999985
2009-05-14,4.777999999999999
2009-05-15,5.292999999999999
2009-05-16,5.504999999999999
2009-05-17,5.806999999999999
2009-05-18,5.977
2009-05-19,5.722999999999999
2009-05-20,5.09
2009-05-21,4.759999999999998
2009-05-22,3.3709999999999987
2009-05-23,4.756
2009-05-24,5.361999999999998
2009-05-25,5.797000000000001
2009-05-26,5.626999999999999
2009-05-27,5.503
2009-05-28,5.196999999999999
2009-05-29,5.417999999999999
2009-05-30,5.309999999999999
2009-05-31,5.276
2009-06-01,5.530999999999999
2009-06-02,6.533999999999999
2009-06-03,6.879999999999999
2009-06-04,7.2620000000000005
2009-06-05,7.698999999999998
2009-06-06,7.834
2009-06-07,8.820999999999998
2009-06-08,8.607
2009-06-09,9.03
2009-06-10,10.812
2009-06-11,10.831999999999999
2009-06-12,11.645999999999999
2009-06-13,11.98
2009-06-14,11.999
2009-06-15,11.831
2009-06-16,11.636
2009-06-17,12.126
2009-06-18,12.24
2009-06-19,12.299999999999999
2009-06-20,13.600999999999999
2009-06-21,14.08
2009-06-22,14.847
2009-06-23,15.366
2009-06-24,16.54
2009-06-25,17.892
2009-06-26,17.72
2009-06-27,17.86
2009-06-28,17.649
2009-06-29,17.317
2009-06-30,16.666
2009-07-01,16.688000000000002
2009-07-02,16.009999999999998
2009-07-03,15.631
2009-07-04,15.438
2009-07-05,15.346
2009-07-06,15.806
2009-07-07,16.253999999999998
2009-07-08,16.695
2009-07-09,17.027
2009-07-10,16.82
2009-07-11,16.644
2009-07-12,16.595
2009-07-13,16.157
2009-07-14,15.826
2009-07-15,15.39
2009-07-16,14.788
2009-07-17,14.747
2009-07-18,15.299999999999999
2009-07-19,16.593
2009-07-20,16.91
2009-07-21,17.453
2009-07-22,17.418
2009-07-23,18.003999999999998
2009-07-24,18.418
2009-07-25,17.935
2009-07-26,18.102
2009-07-27,18.337
2009-07-28,19.070999999999998
2009-07-29,19.313
2009-07-30,19.848
2009-07-31,19.877
2009-08-01,19.979
2009-08-02,20.195999999999998
2009-08-03,20.22
2009-08-04,20.008
2009-08-05,19.972
2009-08-06,20.073999999999998
2009-08-07,20.064999999999998
2009-08-08,20.003
2009-08-09,19.984
2009-08-10,20.343
2009-08-11,20.485
2009-08-12,20.788
2009-08-13,21.037
2009-08-14,21.605
2009-08-15,21.971
2009-08-16,22.212
2009-08-17,22.405
2009-08-18,22.616
2009-08-19,22.603
2009-08-20,22.192
2009-08-21,21.739
2009-08-22,20.887
2009-08-23,21
2009-08-24,21.62
2009-08-25,21.556
2009-08-26,21.614
2009-08-27,21.691
2009-08-28,20.325
2009-08-29,19.884999999999998
2009-08-30,19.8
2009-08-31,19.681
2009-09-01,19.691
2009-09-02,19.737000000000002
2009-09-03,19.916
2009-09-04,20.091
2009-09-05,20.075
2009-09-06,20.072
2009-09-07,20.326
2009-09-08,20.712
2009-09-09,20.81
2009-09-10,20.915
2009-09-11,20.864
2009-09-12,20.28
2009-09-13,20.398
2009-09-14,20.16
2009-09-15,19.931
2009-09-16,19.567
2009-09-17,19.375999999999998
2009-09-18,19.2
2009-09-19,18.975
2009-09-20,18.791
2009-09-21,18.726
2009-09-22,18.737000000000002
2009-09-23,18.769
2009-09-24,18.691
2009-09-25,18.684
2009-09-26,18.413
2009-09-27,17.939999999999998
2009-09-28,17.864
2009-09-29,17.907
2009-09-30,17.366
2009-10-01,15.177999999999999
2009-10-02,14.57
2009-10-03,14.497
2009-10-04,14.161999999999999
2009-10-05,13.78
2009-10-06,13.677
2009-10-07,11.84
2009-10-08,11.421
2009-10-09,11.498
2009-10-10,11.649
2009-10-11,11.929
2009-10-12,11.629
2009-10-13,10.940999999999999
2009-10-14,11.16
2009-10-15,11.305
2009-10-16,11.365
2009-10-17,11.121
2009-10-18,11.024
2009-10-19,11.033999999999999
2009-10-20,11.017
2009-10-21,11.29
2009-10-22,11.325
2009-10-23,11.199
2009-10-24,11.065
2009-10-25,10.897
2009-10-26,11.013
2009-10-27,11.007
2009-10-28,11.113999999999999
2009-10-29,11.177999999999999
2009-10-30,10.888
2009-10-31,10.375
2009-11-01,9.91
2009-11-02,9.942
2009-11-03,10.074
2009-11-04,9.876999999999999
2009-11-05,9.549
2009-11-06,9.713
2009-11-07,9.717
2009-11-08,9.690999999999999
2009-11-09,9.677
2009-11-10,9.136
2009-11-11,9.168
2009-11-12,9.199
2009-11-13,9.065
2009-11-14,8.959
2009-11-15,8.695
2009-11-16,8.578
2009-11-17,8.538
2009-11-18,8.533999999999999
2009-11-19,8.710999999999999
2009-11-20,9.248
2009-11-21,9.036
2009-11-22,8.933
2009-11-23,8.931000000000001
2009-11-24,8.974
2009-11-25,8.905000000000001
2009-11-26,7.972000000000001
2009-11-27,7.795999999999999
2009-11-28,7.818000000000001
2009-11-29,7.818999999999999
2009-11-30,7.632999999999999
2009-12-01,7.498999999999999
2009-12-02,7.492000000000001
2009-12-03,7.503
2009-12-04,7.463999999999999
2009-12-05,6.320999999999998
2009-12-06,6.079000000000001
2009-12-07,5.879000000000001
2009-12-08,5.847999999999999
2009-12-09,5.797999999999998
2009-12-10,4.966000000000001
2009-12-11,4.434000000000001
2009-12-12,4.413
2009-12-13,4.375
2009-12-14,4.122
2009-12-15,4.407
2009-12-16,4.245999999999999
2009-12-17,4.338000000000001
2009-12-18,4.320999999999998
2009-12-19,4.242000000000001
2009-12-20,3.9959999999999987
2009-12-21,4.140999999999998
2009-12-22,3.9619999999999997
2009-12-23,3.9770000000000003
2009-12-24,3.8230000000000004
2009-12-25,3.7979999999999983
2009-12-26,4.024999999999999
2009-12-27,3.669999999999998
2009-12-28,3.5150000000000006
2009-12-29,3.5599999999999987
2009-12-30,3.780999999999999
2009-12-31,4.210000000000001
2010-01-01,4.631
2010-01-02,4.484999999999999
2010-01-03,3.8099999999999987
2010-01-04,3.5799999999999983
2010-01-05,3.5010000000000012
2010-01-06,3.5410000000000004
2010-01-07,1.8179999999999978
2010-01-08,1.8249999999999993
2010-01-09,1.6189999999999998
2010-01-10,1.623000000000001
2010-01-11,1.9519999999999982
2010-01-12,3.4299999999999997
2010-01-13,3.594999999999999
2010-01-14,3.6189999999999998
2010-01-15,3.661999999999999
2010-01-16,3.762999999999998
2010-01-17,3.187999999999999
2010-01-18,1.7469999999999999
2010-01-19,3.469999999999999
2010-01-20,2.9229999999999983
2010-01-21,2.6900000000000013
2010-01-22,2.5
2010-01-23,2.539999999999999
2010-01-24,2.6819999999999986
2010-01-25,3.276
2010-01-26,3.567
2010-01-27,1.7349999999999994
2010-01-28,1.6799999999999997
2010-01-29,1.5899999999999999
2010-01-30,1.4969999999999999
2010-01-31,1.5509999999999984
2010-02-01,1.7699999999999996
2010-02-02,0.3879999999999981
2010-02-03,0.3550000000000004
2010-02-04,0.18900000000000006
2010-02-05,0.41199999999999903
2010-02-06,0.7929999999999993
2010-02-07,0.9890000000000008
2010-02-08,1.4909999999999997
2010-02-09,1.8580000000000005
2010-02-10,0.809000000000001
2010-02-11,0.4209999999999994
2010-02-12,0.26399999999999935
2010-02-13,0.34499999999999886
2010-02-14,0.6660000000000004
2010-02-15,1.8440000000000012
2010-02-16,1.065999999999999
2010-02-17,1.413999999999998
2010-02-18,2.6189999999999998
2010-02-19,0.6849999999999987
2010-02-20,0.634999999999998
2010-02-21,0.6089999999999982
2010-02-22,0.6319999999999979
2010-02-23,0.8689999999999998
2010-02-24,2.352999999999998
2010-02-25,1.9939999999999998
2010-02-26,1.7970000000000006
2010-02-27,0.9529999999999994
2010-02-28,0.713000000000001
2010-03-01,0.7889999999999979
2010-03-02,0.8649999999999984
2010-03-03,0.8419999999999987
2010-03-04,0.7270000000000003
2010-03-05,0.8440000000000012
2010-03-06,1.0030000000000001
2010-03-07,1.2850000000000001
2010-03-08,1.3900000000000006
2010-03-09,1.4420000000000002
2010-03-10,1.3649999999999984
2010-03-11,1.306000000000001
2010-03-12,1.3329999999999984
2010-03-13,0.907
2010-03-14,1.2530000000000001
2010-03-15,1.3329999999999984
2010-03-16,1.2650000000000006
2010-03-17,1.254999999999999
2010-03-18,1.3290000000000006
2010-03-19,1.3179999999999978
2010-03-20,1.2489999999999988
2010-03-21,1.2249999999999979
2010-03-22,1.154
2010-03-23,1.0410000000000004
2010-03-24,1.0120000000000005
2010-03-25,1.1329999999999991
2010-03-26,1.5300000000000011
2010-03-27,1.6170000000000009
2010-03-28,1.6819999999999986
2010-03-29,1.7109999999999985
2010-03-30,1.7510000000000012
2010-03-31,1.855999999999998
2010-04-01,1.9639999999999986
2010-04-02,2.5159999999999982
2010-04-03,2.818999999999999
2010-04-04,2.8569999999999993
2010-04-05,2.8580000000000005
2010-04-06,2.8099999999999987
2010-04-07,2.445999999999998
2010-04-08,3.039999999999999
2010-04-09,3.073999999999998
2010-04-10,3.1849999999999987
2010-04-11,3.4299999999999997
2010-04-12,3.718
2010-04-13,3.3870000000000005
2010-04-14,3.5700000000000003
2010-04-15,3.599
2010-04-16,3.527000000000001
2010-04-17,4.032
2010-04-18,4.530000000000001
2010-04-19,4.495999999999999
2010-04-20,4.425999999999998
2010-04-21,4.105999999999998
2010-04-22,3.1370000000000005
2010-04-23,4.776
2010-04-24,4.777999999999999
2010-04-25,4.808
2010-04-26,5.794999999999998
2010-04-27,6.077999999999999
2010-04-28,6.071999999999999
2010-04-29,6.027999999999999
2010-04-30,6.02
2010-05-01,5.911999999999999
2010-05-02,5.689
2010-05-03,5.469000000000001
2010-05-04,5.994
2010-05-05,6.1419999999999995
2010-05-06,5.951999999999998
2010-05-07,5.884999999999998
2010-05-08,5.187999999999999
2010-05-09,5.448999999999998
2010-05-10,5.626999999999999
2010-05-11,5.567
2010-05-12,5.382999999999999
2010-05-13,5.940000000000001
2010-05-14,6.366
2010-05-15,6.465
2010-05-16,6.573
2010-05-17,6.969000000000001
2010-05-18,7.986000000000001
2010-05-19,8.323
2010-05-20,8.802
2010-05-21,8.303
2010-05-22,8.350999999999999
2010-05-23,9.336
2010-05-24,10.571
2010-05-25,12.424999999999999
2010-05-26,15.112
2010-05-27,15.688
2010-05-28,14.823
2010-05-29,15.347
2010-05-30,15.366999999999999
2010-05-31,15.059
2010-06-01,14.767
2010-06-02,14.959999999999999
2010-06-03,15.213
2010-06-04,15.12
2010-06-05,15.019
2010-06-06,14.483
2010-06-07,14.418
2010-06-08,14.469
2010-06-09,14.038
2010-06-10,11.994
2010-06-11,11.386
2010-06-12,12.401
2010-06-13,15.337
2010-06-14,15.596
2010-06-15,15.151
2010-06-16,15.163
2010-06-17,15.111
2010-06-18,15.137
2010-06-19,15.142
2010-06-20,15.062
2010-06-21,15.318999999999999
2010-06-22,14.949
2010-06-23,15.958
2010-06-24,16.491
2010-06-25,16.606
2010-06-26,16.503999999999998
2010-06-27,16.289
2010-06-28,16.018
2010-06-29,15.658
2010-06-30,15.105
2010-07-01,15.019
2010-07-02,14.728
2010-07-03,14.584
2010-07-04,16.869999999999997
2010-07-05,18.378999999999998
2010-07-06,20.11
2010-07-07,20.448999999999998
2010-07-08,20.392
2010-07-09,20.603
2010-07-10,20.14
2010-07-11,19.401
2010-07-12,20.27
2010-07-13,21.421
2010-07-14,21.925
2010-07-15,21.522
2010-07-16,21.447
2010-07-17,21.755
2010-07-18,21.578
2010-07-19,20.941
2010-07-20,20.346
2010-07-21,20.854
2010-07-22,21.311
2010-07-23,21.02
2010-07-24,20.713
2010-07-25,20.789
2010-07-26,20.996
2010-07-27,21.087
2010-07-28,21.295
2010-07-29,21.015
2010-07-30,20.71
2010-07-31,21.008
2010-08-01,21.116
2010-08-02,21.055
2010-08-03,21.122
2010-08-04,21.535
2010-08-05,22.258
2010-08-06,22.228
2010-08-07,21.951999999999998
2010-08-08,21.561
2010-08-09,21.319
2010-08-10,21.282
2010-08-11,22.313
2010-08-12,22.559
2010-08-13,22.729
2010-08-14,23.143
2010-08-15,23.193
2010-08-16,23.083
2010-08-17,22.443
2010-08-18,22.316
2010-08-19,22.562
2010-08-20,22.462
2010-08-21,22.272
2010-08-22,21.634
2010-08-23,21.758
2010-08-24,21.754
2010-08-25,21.793
2010-08-26,21.565
2010-08-27,21.555
2010-08-28,21.505
2010-08-29,21.604
2010-08-30,21.707
2010-08-31,21.941
2010-09-01,21.944
2010-09-02,21.883
2010-09-03,22.027
2010-09-04,21.695999999999998
2010-09-05,21.165
2010-09-06,20.614
2010-09-07,19.391
2010-09-08,18.562
2010-09-09,18.799
2010-09-10,18.625
2010-09-11,18.459
2010-09-12,18.68
2010-09-13,18.774
2010-09-14,18.554000000000002
2010-09-15,17.937
2010-09-16,17.605
2010-09-17,17.611
2010-09-18,17.101
2010-09-19,17.435
2010-09-20,17.511
2010-09-21,17.62
2010-09-22,17.92
2010-09-23,18.367
2010-09-24,18.499
2010-09-25,17.703
2010-09-26,17.753
2010-09-27,16.786
2010-09-28,16.636
2010-09-29,16.58
2010-09-30,16.427
2010-10-01,16.359
2010-10-02,16.109
2010-10-03,15.612
2010-10-04,15.121
2010-10-05,14.984
2010-10-06,14.756
2010-10-07,14.557
2010-10-08,14.54
2010-10-09,14.264
2010-10-10,14.179
2010-10-11,14.081999999999999
2010-10-12,14.06
2010-10-13,13.837
2010-10-14,13.547
2010-10-15,13.523
2010-10-16,13.479
2010-10-17,13.731
2010-10-18,13.435
2010-10-19,13.125
2010-10-20,12.895999999999999
2010-10-21,12.501
2010-10-22,12.296
2010-10-23,11.535
2010-10-24,11.338
2010-10-25,11.342
2010-10-26,11.374
2010-10-27,11.413
2010-10-28,11.347999999999999
2010-10-29,11.548
2010-10-30,9.683
2010-10-31,10.007
2010-11-01,11.084
2010-11-02,11.169
2010-11-03,11.385
2010-11-04,11.511
2010-11-05,11.568
2010-11-06,10.991
2010-11-07,10.846
2010-11-08,10.831999999999999
2010-11-09,10.998
2010-11-10,11.121
2010-11-11,11.151
2010-11-12,10.876
2010-11-13,10.709999999999999
2010-11-14,10.469999999999999
2010-11-15,10.36
2010-11-16,10.368
2010-11-17,10.352
2010-11-18,10.116999999999999
2010-11-19,9.456
2010-11-20,9.478
2010-11-21,9.52
2010-11-22,8.742999999999999
2010-11-23,8.504000000000001
2010-11-24,8.094000000000001
2010-11-25,8.049
2010-11-26,7.895
2010-11-27,7.5489999999999995
2010-11-28,6.614999999999998
2010-11-29,6.654
2010-11-30,6.419999999999998
2010-12-01,7.448
2010-12-02,5.4510000000000005
2010-12-03,5.524999999999999
2010-12-04,5.622
2010-12-05,5.7719999999999985
2010-12-06,4.645
2010-12-07,4.329000000000001
2010-12-08,4.288999999999998
2010-12-09,4.231999999999999
2010-12-10,4.236999999999998
2010-12-11,4.268000000000001
2010-12-12,4.239999999999998
2010-12-13,4.486999999999998
2010-12-14,4.986000000000001
2010-12-15,5.7719999999999985
2010-12-16,4.849999999999998
2010-12-17,5.3679999999999986
2010-12-18,5.460000000000001
2010-12-19,3.806000000000001
2010-12-20,3.6140000000000008
2010-12-21,3.605999999999998
2010-12-22,3.629999999999999
2010-12-23,3.9579999999999984
2010-12-24,2.6020000000000003
2010-12-25,2.649000000000001
2010-12-26,1.9669999999999987
2010-12-27,2.1720000000000006
2010-12-28,1.6050000000000004
2010-12-29,1.6900000000000013
2010-12-30,1.6679999999999993
2010-12-31,1.5949999999999989
2011-01-01,1.8049999999999997
2011-01-02,1.3879999999999981
2011-01-03,1.0030000000000001
2011-01-04,1.1879999999999988
2011-01-05,1.096
2011-01-06,1.097999999999999
2011-01-07,0.8780000000000001
2011-01-08,0.6159999999999997
2011-01-09,0.5060000000000002
2011-01-10,0.541999999999998
2011-01-11,1.4009999999999998
2011-01-12,2.1110000000000007
2011-01-13,2.1980000000000004
2011-01-14,3.8470000000000013
2011-01-15,3.5500000000000007
2011-01-16,2.8930000000000007
2011-01-17,1.3919999999999995
2011-01-18,1.2219999999999978
2011-01-19,1.1969999999999992
2011-01-20,1.1600000000000001
2011-01-21,1.4299999999999997
2011-01-22,2.8230000000000004
2011-01-23,2.384999999999998
2011-01-24,2.289999999999999
2011-01-25,1.756999999999998
2011-01-26,1.783999999999999
2011-01-27,1.809000000000001
2011-01-28,1.4849999999999994
2011-01-29,2.294999999999998
2011-01-30,2.303000000000001
2011-01-31,2.2049999999999983
2011-02-01,1.6430000000000007
2011-02-02,1.279
2011-02-03,1.0459999999999994
2011-02-04,0.6600000000000001
2011-02-05,0.8000000000000007
2011-02-06,1.027000000000001
2011-02-07,1.6900000000000013
2011-02-08,1.7949999999999982
2011-02-09,1.6729999999999983
2011-02-10,1.6219999999999999
2011-02-11,1.3030000000000008
2011-02-12,1.559000000000001
2011-02-13,0.46999999999999886
2011-02-14,0.13400000000000034
2011-02-15,0.053000000000000824
2011-02-16,0.2240000000000002
2011-02-17,0.5679999999999978
2011-02-18,1.9080000000000013
2011-02-19,2.5159999999999982
2011-02-20,2.4259999999999984
2011-02-21,1.0949999999999989
2011-02-22,0.8269999999999982
2011-02-23,0.7699999999999996
2011-02-24,0.6039999999999992
2011-02-25,0.5060000000000002
2011-02-26,0.4540000000000006
2011-02-27,1.0649999999999977
2011-02-28,0.902000000000001
2011-03-01,0.7420000000000009
2011-03-02,0.6969999999999992
2011-03-03,0.7659999999999982
2011-03-04,0.5839999999999996
2011-03-05,0.42299999999999827
2011-03-06,-0.21300000000000097
2011-03-07,-0.30700000000000216
2011-03-08,-0.3500000000000014
2011-03-09,-0.31599999999999895
2011-03-10,-0.22100000000000009
2011-03-11,0.09799999999999898
2011-03-12,-0.13500000000000156
2011-03-13,-0.15500000000000114
2011-03-14,-0.3309999999999995
2011-03-15,-0.2630000000000017
2011-03-16,-0.23400000000000176
2011-03-17,-0.05700000000000216
2011-03-18,0.13799999999999812
2011-03-19,0.4280000000000008
2011-03-20,0.7089999999999996
2011-03-21,0.6230000000000011
2011-03-22,0.38899999999999935
2011-03-23,0.2309999999999981
2011-03-24,0.1460000000000008
2011-03-25,0.06400000000000006
2011-03-26,0.015000000000000568
2011-03-27,0.027999999999998693
2011-03-28,0.14199999999999946
2011-03-29,0.34699999999999775
2011-03-30,0.49299999999999855
2011-03-31,-0.019999999999999574
2011-04-01,0.120000000000001
2011-04-02,0.23799999999999955
2011-04-03,0.2839999999999989
2011-04-04,0.33500000000000085
2011-04-05,0.6589999999999989
2011-04-06,1.189
2011-04-07,1.5139999999999993
2011-04-08,1.6879999999999988
2011-04-09,1.5410000000000004
2011-04-10,1.3419999999999987
2011-04-11,1.1600000000000001
2011-04-12,1.2429999999999986
2011-04-13,1.0969999999999978
2011-04-14,1.227999999999998
2011-04-15,1.1559999999999988
2011-04-16,1.7929999999999993
2011-04-17,1.9529999999999994
2011-04-18,2.2669999999999995
2011-04-19,1.4319999999999986
2011-04-20,1.4540000000000006
2011-04-21,1.536999999999999
2011-04-22,1.6069999999999993
2011-04-23,1.7719999999999985
2011-04-24,2.1769999999999996
2011-04-25,2.0969999999999978
2011-04-26,2.253
2011-04-27,2.3919999999999995
2011-04-28,1.4570000000000007
2011-04-29,1.5279999999999987
2011-04-30,1.5999999999999979
2011-05-01,1.5790000000000006
2011-05-02,1.7059999999999995
2011-05-03,2.001999999999999
2011-05-04,2.2680000000000007
2011-05-05,4.405999999999999
2011-05-06,4.669999999999998
2011-05-07,3.9209999999999994
2011-05-08,3.8859999999999992
2011-05-09,3.8870000000000005
2011-05-10,3.8299999999999983
2011-05-11,3.445999999999998
2011-05-12,2.4819999999999993
2011-05-13,2.5509999999999984
2011-05-14,2.3019999999999996
2011-05-15,3.4160000000000004
2011-05-16,3.6630000000000003
2011-05-17,3.693999999999999
2011-05-18,3.6799999999999997
2011-05-19,3.567
2011-05-20,3.044999999999998
2011-05-21,4.986999999999998
2011-05-22,4.262999999999998
2011-05-23,5.102999999999998
2011-05-24,5.427
2011-05-25,5.818999999999999
2011-05-26,6.134999999999998
2011-05-27,6.114999999999998
2011-05-28,4.8359999999999985
2011-05-29,4.948999999999998
2011-05-30,4.905999999999999
2011-05-31,5.640000000000001
2011-06-01,6.646000000000001
2011-06-02,6.844999999999999
2011-06-03,6.823
2011-06-04,6.402999999999999
2011-06-05,6.073999999999998
2011-06-06,6.855
2011-06-07,7.716000000000001
2011-06-08,7.837
2011-06-09,8.818000000000001
2011-06-10,9.203999999999999
2011-06-11,9.687
2011-06-12,9.916
2011-06-13,10.144
2011-06-14,9.891
2011-06-15,9.863999999999999
2011-06-16,10.671999999999999
2011-06-17,11.715
2011-06-18,12.368
2011-06-19,12.552999999999999
2011-06-20,12.679
2011-06-21,12.842
2011-06-22,12.959
2011-06-23,12.785
2011-06-24,14.235
2011-06-25,13.996
2011-06-26,14.466
2011-06-27,14.29
2011-06-28,14.642
2011-06-29,14.942
2011-06-30,16.857
2011-07-01,16.596
2011-07-02,17.262999999999998
2011-07-03,18.367
2011-07-04,17.925
2011-07-05,18.313
2011-07-06,18.134999999999998
2011-07-07,18.509999999999998
2011-07-08,18.938
2011-07-09,19.073
2011-07-10,20.117
2011-07-11,20.085
2011-07-12,20.147
2011-07-13,19.942
2011-07-14,20.549
2011-07-15,21.037
2011-07-16,21.234
2011-07-17,21.394
2011-07-18,21.616
2011-07-19,21.809
2011-07-20,22.439
2011-07-21,22.163
2011-07-22,22.559
2011-07-23,22.162
2011-07-24,22.13
2011-07-25,22.291
2011-07-26,22.165
2011-07-27,22.159
2011-07-28,22.198999999999998
2011-07-29,22.392
2011-07-30,23.278
2011-07-31,23.291
2011-08-01,23.22
2011-08-02,22.979
2011-08-03,22.753
2011-08-04,22.489
2011-08-05,22.637
2011-08-06,22.582
2011-08-07,23.175
2011-08-08,23.151
2011-08-09,22.598
2011-08-10,22.203
2011-08-11,22.076
2011-08-12,21.975
2011-08-13,21.5
2011-08-14,21.19
2011-08-15,21.673000000000002
2011-08-16,21.657
2011-08-17,21.775
2011-08-18,21.817
2011-08-19,21.95
2011-08-20,22.045
2011-08-21,21.805
2011-08-22,21.315
2011-08-23,21.183
2011-08-24,20.832
2011-08-25,20.734
2011-08-26,20.927
2011-08-27,20.483
2011-08-28,20.195
2011-08-29,20.085
2011-08-30,20.06
2011-08-31,20.128999999999998
2011-09-01,20.615000000000002
2011-09-02,20.6
2011-09-03,20.68
2011-09-04,20.673000000000002
2011-09-05,20.508
2011-09-06,19.979
2011-09-07,19.651
2011-09-08,19.79
2011-09-09,19.839
2011-09-10,20.091
2011-09-11,20.201999999999998
2011-09-12,20.242
2011-09-13,20.05
2011-09-14,19.601
2011-09-15,19.266
2011-09-16,18.958
2011-09-17,18.684
2011-09-18,18.712
2011-09-19,18.859
2011-09-20,18.976
2011-09-21,17.779
2011-09-22,17.459
2011-09-23,17.418
2011-09-24,17.442
2011-09-25,17.439
2011-09-26,17.493
2011-09-27,17.567999999999998
2011-09-28,17.823999999999998
2011-09-29,17.714
2011-09-30,16.609
2011-10-01,16.048000000000002
2011-10-02,16.078
2011-10-03,15.395999999999999
2011-10-04,14.987
2011-10-05,14.765
2011-10-06,14.709999999999999
2011-10-07,15.029
2011-10-08,15.408999999999999
2011-10-09,15.682
2011-10-10,16.055
2011-10-11,16.049999999999997
2011-10-12,16.04
2011-10-13,15.825
2011-10-14,14.934
2011-10-15,14.714
2011-10-16,14.653
2011-10-17,12.571
2011-10-18,12.187
2011-10-19,11.626
2011-10-20,11.318999999999999
2011-10-21,11.717
2011-10-22,12.122
2011-10-23,12.483
2011-10-24,11.853
2011-10-25,11.309
2011-10-26,10.193
2011-10-27,10.48
2011-10-28,10.685
2011-10-29,10.863
2011-10-30,10.93
2011-10-31,10.904
2011-11-01,10.952
2011-11-02,11.134
2011-11-03,11.376999999999999
2011-11-04,11.496
2011-11-05,11.459
2011-11-06,11.347
2011-11-07,11.437
2011-11-08,11.07
2011-11-09,10.48
2011-11-10,10.203
2011-11-11,10.192
2011-11-12,10.221
2011-11-13,10.065999999999999
2011-11-14,10.141
2011-11-15,9.953999999999999
2011-11-16,9.975
2011-11-17,9.633
2011-11-18,9.075
2011-11-19,7.736999999999998
2011-11-20,8.044999999999998
2011-11-21,7.934999999999999
2011-11-22,8.297
2011-11-23,8.514
2011-11-24,8.649999999999999
2011-11-25,8.707
2011-11-26,8.418
2011-11-27,7.609999999999999
2011-11-28,7.539999999999999
2011-11-29,6.977
2011-11-30,6.965
2011-12-01,7.582000000000001
2011-12-02,7.602999999999998
2011-12-03,7.605
2011-12-04,7.704999999999998
2011-12-05,7.745999999999999
2011-12-06,6.7669999999999995
2011-12-07,5.795999999999999
2011-12-08,5.623999999999999
2011-12-09,5.565999999999999
2011-12-10,5.914999999999999
2011-12-11,5.812000000000001
2011-12-12,5.783000000000001
2011-12-13,5.655000000000001
2011-12-14,5.942999999999998
2011-12-15,4.818999999999999
2011-12-16,5.195
2011-12-17,5.5440000000000005
2011-12-18,5.274999999999999
2011-12-19,5.234999999999999
2011-12-20,5.302
2011-12-21,5.858999999999998
2011-12-22,5.120999999999999
2011-12-23,6.221
2011-12-24,5.887999999999998
2011-12-25,4.736000000000001
2011-12-26,4.654
2011-12-27,3.7830000000000013
2011-12-28,3.649000000000001
2011-12-29,3.6729999999999983
2011-12-30,4.329999999999998
2011-12-31,5.146000000000001
2012-01-01,6.922000000000001
2012-01-02,3.492000000000001
2012-01-03,3.003999999999998
2012-01-04,3.0380000000000003
2012-01-05,3.041999999999998
2012-01-06,3.471
2012-01-07,3.867000000000001
2012-01-08,3.8389999999999986
2012-01-09,3.9559999999999995
2012-01-10,4.573
2012-01-11,4.562000000000001
2012-01-12,4.446999999999999
2012-01-13,3.436
2012-01-14,2.9080000000000013
2012-01-15,2.725999999999999
2012-01-16,2.8009999999999984
2012-01-17,3.3039999999999985
2012-01-18,2.794999999999998
2012-01-19,2.184000000000001
2012-01-20,2.312999999999999
2012-01-21,2.3610000000000007
2012-01-22,2.288999999999998
2012-01-23,2.5150000000000006
2012-01-24,2.3000000000000007
2012-01-25,2.4229999999999983
2012-01-26,2.753999999999998
2012-01-27,2.399000000000001
2012-01-28,2.0889999999999986
2012-01-29,2.2300000000000004
2012-01-30,2.3939999999999984
2012-01-31,3.067
2012-02-01,3.2010000000000005
2012-02-02,2.8679999999999986
2012-02-03,2.556000000000001
2012-02-04,2.289999999999999
2012-02-05,2.465
2012-02-06,2.594000000000001
2012-02-07,2.439
2012-02-08,2.2699999999999996
2012-02-09,2.100999999999999
2012-02-10,2.1409999999999982
2012-02-11,2.480999999999998
2012-02-12,2.5249999999999986
2012-02-13,2.160999999999998
2012-02-14,2.061
2012-02-15,2.2349999999999994
2012-02-16,2.585000000000001
2012-02-17,2.7880000000000003
2012-02-18,1.8760000000000012
2012-02-19,1.5769999999999982
2012-02-20,1.475999999999999
2012-02-21,1.631999999999998
2012-02-22,1.870000000000001
2012-02-23,1.936
2012-02-24,1.3449999999999989
2012-02-25,1.091000000000001
2012-02-26,0.9250000000000007
2012-02-27,1.1870000000000012
2012-02-28,1.5210000000000008
2012-02-29,1.8449999999999989
2012-03-01,2.661999999999999
2012-03-02,3.9549999999999983
2012-03-03,2.3859999999999992
2012-03-04,0.9830000000000005
2012-03-05,0.875
2012-03-06,1.032
2012-03-07,1.2390000000000008
2012-03-08,1.7019999999999982
2012-03-09,1.7489999999999988
2012-03-10,1.5990000000000002
2012-03-11,1.3930000000000007
2012-03-12,0.9199999999999982
2012-03-13,0.9480000000000004
2012-03-14,1.0649999999999977
2012-03-15,1.1550000000000011
2012-03-16,1.654
2012-03-17,1.7510000000000012
2012-03-18,2.091000000000001
2012-03-19,3.5730000000000004
2012-03-20,5.038
2012-03-21,4.457000000000001
2012-03-22,3.5410000000000004
2012-03-23,3.5180000000000007
2012-03-24,1.8780000000000001
2012-03-25,1.8550000000000004
2012-03-26,2.3200000000000003
2012-03-27,2.4879999999999995
2012-03-28,2.716000000000001
2012-03-29,2.745000000000001
2012-03-30,2.4639999999999986
2012-03-31,2.733999999999998
2012-04-01,2.725999999999999
2012-04-02,3.129999999999999
2012-04-03,3.259999999999998
2012-04-04,3.1310000000000002
2012-04-05,2.884999999999998
2012-04-06,2.8900000000000006
2012-04-07,2.9869999999999983
2012-04-08,3.2300000000000004
2012-04-09,3.2729999999999997
2012-04-10,3.8659999999999997
2012-04-11,3.7109999999999985
2012-04-12,3.742000000000001
2012-04-13,3.7330000000000005
2012-04-14,3.7459999999999987
2012-04-15,3.899000000000001
2012-04-16,4.704999999999998
2012-04-17,4.702999999999999
2012-04-18,4.925000000000001
2012-04-19,4.867000000000001
2012-04-20,4.878
2012-04-21,4.6469999999999985
2012-04-22,4.567999999999998
2012-04-23,4.498000000000001
2012-04-24,4.570999999999998
2012-04-25,4.585000000000001
2012-04-26,4.986000000000001
2012-04-27,4.858999999999998
2012-04-28,4.745999999999999
2012-04-29,4.753
2012-04-30,5.038999999999998
2012-05-01,5.579000000000001
2012-05-02,5.855
2012-05-03,5.975999999999999
2012-05-04,5.942999999999998
2012-05-05,6.151
2012-05-06,6.154
2012-05-07,7.658999999999999
2012-05-08,7.795999999999999
2012-05-09,7.658999999999999
2012-05-10,7.741
2012-05-11,7.698
2012-05-12,7.273
2012-05-13,7.387999999999998
2012-05-14,9.113
2012-05-15,8.899999999999999
2012-05-16,8.486
2012-05-17,8.332999999999998
2012-05-18,8.062999999999999
2012-05-19,7.991
2012-05-20,7.884
2012-05-21,9.999
2012-05-22,11.801
2012-05-23,11.383
2012-05-24,11.324
2012-05-25,11.343
2012-05-26,11.849
2012-05-27,14.517999999999999
2012-05-28,14.913
2012-05-29,14.747
2012-05-30,14.796
2012-05-31,14.902
2012-06-01,14.971
2012-06-02,14.873
2012-06-03,12.545
2012-06-04,12.728
2012-06-05,13.193
2012-06-06,14.119
2012-06-07,14.645999999999999
2012-06-08,15.377
2012-06-09,14.967
2012-06-10,15.077
2012-06-11,16.273
2012-06-12,15.725
2012-06-13,15.734
2012-06-14,16.012
2012-06-15,14.157
2012-06-16,14.676
2012-06-17,14.536999999999999
2012-06-18,14.859
2012-06-19,15.927
2012-06-20,17.295
2012-06-21,17.372
2012-06-22,17.567999999999998
2012-06-23,17.765
2012-06-24,18.003
2012-06-25,18.047
2012-06-26,18.037
2012-06-27,18.219
2012-06-28,18.562
2012-06-29,19.112000000000002
2012-06-30,19.034
2012-07-01,18.938
2012-07-02,18.726
2012-07-03,18.547
2012-07-04,19.414
2012-07-05,19.604
2012-07-06,19.944
2012-07-07,19.884
2012-07-08,20.240000000000002
2012-07-09,20.27
2012-07-10,20.526
2012-07-11,21.352
2012-07-12,22.085
2012-07-13,22.312
2012-07-14,22.279
2012-07-15,22.29
2012-07-16,22.376
2012-07-17,22.581
2012-07-18,22.688
2012-07-19,22.705
2012-07-20,22.269
2012-07-21,22.320999999999998
2012-07-22,22.422
2012-07-23,22.372
2012-07-24,22.537
2012-07-25,22.481
2012-07-26,22.103
2012-07-27,22.441
2012-07-28,22.642
2012-07-29,22.99
2012-07-30,22.817
2012-07-31,22.833
2012-08-01,23.562
2012-08-02,23.926
2012-08-03,23.947
2012-08-04,23.934
2012-08-05,24.034
2012-08-06,23.62
2012-08-07,23.511
2012-08-08,23.016
2012-08-09,22.933
2012-08-10,22.195999999999998
2012-08-11,20.988
2012-08-12,20.869
2012-08-13,21.362000000000002
2012-08-14,21.438
2012-08-15,21.501
2012-08-16,21.495
2012-08-17,21.457
2012-08-18,21.294
2012-08-19,20.945
2012-08-20,20.820999999999998
2012-08-21,20.833
2012-08-22,20.921
2012-08-23,21.125
2012-08-24,21.406
2012-08-25,21.936
2012-08-26,22.261
2012-08-27,22.093
2012-08-28,21.729
2012-08-29,21.413
2012-08-30,21.236
2012-08-31,21.526
2012-09-01,21.781
2012-09-02,21.861
2012-09-03,21.833
2012-09-04,21.909
2012-09-05,22.047
2012-09-06,21.951
2012-09-07,21.843
2012-09-08,21.041
2012-09-09,20.988
2012-09-10,21.076999999999998
2012-09-11,21.096
2012-09-12,21.106
2012-09-13,20.974
2012-09-14,20.404
2012-09-15,20.249
2012-09-16,20.233
2012-09-17,20.249
2012-09-18,19.547
2012-09-19,18.441
2012-09-20,18.286
2012-09-21,18.381999999999998
2012-09-22,18.256
2012-09-23,17.717
2012-09-24,17.494
2012-09-25,17.416
2012-09-26,17.028
2012-09-27,16.973
2012-09-28,16.974
2012-09-29,17.076999999999998
2012-09-30,16.579
2012-10-01,15.76
2012-10-02,16.207
2012-10-03,16.316
2012-10-04,16.402
2012-10-05,16.454
2012-10-06,16.497999999999998
2012-10-07,15.79
2012-10-08,15.699
2012-10-09,15.408999999999999
2012-10-10,15.402
2012-10-11,15.004999999999999
2012-10-12,13.783
2012-10-13,13.959
2012-10-14,14.027
2012-10-15,13.882
2012-10-16,13.808
2012-10-17,13.833
2012-10-18,13.914
2012-10-19,14.06
2012-10-20,13.595
2012-10-21,13.265
2012-10-22,13.197
2012-10-23,13.299
2012-10-24,13.382
2012-10-25,13.795
2012-10-26,13.641
2012-10-27,13.142
2012-10-28,13.397
2012-10-29,12.395
2012-10-30,12.208
2012-10-31,10.350999999999999
2012-11-01,9.616999999999999
2012-11-02,9.402
2012-11-03,9.25
2012-11-04,9.28
2012-11-05,9.105
2012-11-06,9.089
2012-11-07,9.028
2012-11-08,8.945
2012-11-09,8.985
2012-11-10,8.93
2012-11-11,9.165
2012-11-12,9.799999999999999
2012-11-13,9.701
2012-11-14,8.273
2012-11-15,7.945
2012-11-16,8.012999999999998
2012-11-17,8.018
2012-11-18,8.084
2012-11-19,8.088999999999999
2012-11-20,8.276
2012-11-21,7.9830000000000005
2012-11-22,8.104
2012-11-23,8.320999999999998
2012-11-24,8.322
2012-11-25,8.570999999999998
2012-11-26,7.318999999999999
2012-11-27,6.933
2012-11-28,6.9289999999999985
2012-11-29,6.547999999999998
2012-11-30,6.5120000000000005
2012-12-01,6.532
2012-12-02,6.381999999999998
2012-12-03,6.478999999999999
2012-12-04,5.616
2012-12-05,5.515000000000001
2012-12-06,5.472999999999999
2012-12-07,5.355
2012-12-08,5.3260000000000005
2012-12-09,5.573
2012-12-10,5.338000000000001
2012-12-11,5.260999999999999
2012-12-12,4.922000000000001
2012-12-13,4.864999999999998
2012-12-14,4.751000000000001
2012-12-15,4.905000000000001
2012-12-16,5.195999999999998
2012-12-17,5.126999999999999
2012-12-18,4.884
2012-12-19,4.829999999999998
2012-12-20,4.806999999999999
2012-12-21,4.983999999999998
2012-12-22,6.123999999999999
2012-12-23,6.088999999999999
2012-12-24,4.413999999999998
2012-12-25,5.315000000000001
2012-12-26,4.434000000000001
2012-12-27,4.292999999999999
2012-12-28,4.7719999999999985
2012-12-29,4.713000000000001
2012-12-30,3.690999999999999
2012-12-31,3.526
2013-01-01,3.6709999999999994
2013-01-02,3.6819999999999986
2013-01-03,3.9510000000000005
2013-01-04,4.129999999999999
2013-01-05,3.9510000000000005
2013-01-06,3.5
2013-01-07,3.3760000000000012
2013-01-08,3.120000000000001
2013-01-09,2.942
2013-01-10,3.0010000000000012
2013-01-11,3.221
2013-01-12,2.882999999999999
2013-01-13,2.7979999999999983
2013-01-14,2.352999999999998
2013-01-15,2.286999999999999
2013-01-16,2.1900000000000013
2013-01-17,2.309000000000001
2013-01-18,2.5519999999999996
2013-01-19,3.353999999999999
2013-01-20,3.2109999999999985
2013-01-21,2.637999999999998
2013-01-22,2.3200000000000003
2013-01-23,2.294999999999998
2013-01-24,2.535999999999998
2013-01-25,3.030999999999999
2013-01-26,3.073999999999998
2013-01-27,3.0779999999999994
2013-01-28,3.1389999999999993
2013-01-29,3.3979999999999997
2013-01-30,3.626999999999999
2013-01-31,3.195999999999998
2013-02-01,3.4239999999999995
2013-02-02,3.5109999999999992
2013-02-03,3.3930000000000007
2013-02-04,3.228999999999999
2013-02-05,3.0429999999999993
2013-02-06,2.7119999999999997
2013-02-07,2.1020000000000003
2013-02-08,1.7240000000000002
2013-02-09,1.4280000000000008
2013-02-10,1.341000000000001
2013-02-11,1.7029999999999994
2013-02-12,2.163999999999998
2013-02-13,3.7360000000000007
2013-02-14,2.7089999999999996
2013-02-15,1.6929999999999978
2013-02-16,1.593
2013-02-17,1.5670000000000002
2013-02-18,1.5620000000000012
2013-02-19,1.7639999999999993
2013-02-20,2.283999999999999
2013-02-21,2.184000000000001
2013-02-22,2.213000000000001
2013-02-23,1.7719999999999985
2013-02-24,2.7399999999999984
2013-02-25,3.3689999999999998
2013-02-26,3.503
2013-02-27,1.2219999999999978
2013-02-28,1.056000000000001
2013-03-01,0.8610000000000007
2013-03-02,0.8350000000000009
2013-03-03,0.838000000000001
2013-03-04,0.6879999999999988
2013-03-05,0.41499999999999915
2013-03-06,0.4209999999999994
2013-03-07,0.5159999999999982
2013-03-08,0.5719999999999992
2013-03-09,0.5180000000000007
2013-03-10,0.7360000000000007
2013-03-11,1.1260000000000012
2013-03-12,1.3610000000000007
2013-03-13,1.1900000000000013
2013-03-14,0.5869999999999997
2013-03-15,0.4609999999999985
2013-03-16,0.3230000000000004
2013-03-17,0.2729999999999997
2013-03-18,0.3249999999999993
2013-03-19,0.5330000000000013
2013-03-20,0.7830000000000013
2013-03-21,0.8449999999999989
2013-03-22,0.6110000000000007
2013-03-23,0.3810000000000002
2013-03-24,0.39399999999999835
2013-03-25,0.5569999999999986
2013-03-26,0.8009999999999984
2013-03-27,0.9259999999999984
2013-03-28,1.3490000000000002
2013-03-29,1.4510000000000005
2013-03-30,1.4770000000000003
2013-03-31,1.3999999999999986
2013-04-01,1.355999999999998
2013-04-02,1.189
2013-04-03,0.9890000000000008
2013-04-04,0.8499999999999979
2013-04-05,0.875
2013-04-06,0.7940000000000005
2013-04-07,1.0719999999999992
2013-04-08,1.754999999999999
2013-04-09,1.8309999999999995
2013-04-10,1.7219999999999978
2013-04-11,2.004999999999999
2013-04-12,1.471
2013-04-13,1.2489999999999988
2013-04-14,1.3150000000000013
2013-04-15,1.884999999999998
2013-04-16,1.876999999999999
2013-04-17,1.8490000000000002
2013-04-18,1.846
2013-04-19,1.7070000000000007
2013-04-20,1.370000000000001
2013-04-21,2.0090000000000003
2013-04-22,2.7390000000000008
2013-04-23,3.117000000000001
2013-04-24,3.0330000000000013
2013-04-25,3.006999999999998
2013-04-26,3.2590000000000003
2013-04-27,3.605999999999998
2013-04-28,4.902000000000001
2013-04-29,4.791
2013-04-30,5.219000000000001
2013-05-01,4.803000000000001
2013-05-02,5.024000000000001
2013-05-03,5.001999999999999
2013-05-04,4.765999999999998
2013-05-05,4.9559999999999995
2013-05-06,5.129999999999999
2013-05-07,5.007999999999999
2013-05-08,5.045999999999999
2013-05-09,4.820999999999998
2013-05-10,4.504999999999999
2013-05-11,4
2013-05-12,3.9080000000000013
2013-05-13,4.192
2013-05-14,4.239999999999998
2013-05-15,4.501999999999999
2013-05-16,5.010999999999999
2013-05-17,5.545999999999999
2013-05-18,5.809999999999999
2013-05-19,5.221
2013-05-20,4.102999999999998
2013-05-21,4.526
2013-05-22,4.5489999999999995
2013-05-23,5.963000000000001
2013-05-24,6.172000000000001
2013-05-25,6.8309999999999995
2013-05-26,7.443000000000001
2013-05-27,7.707999999999998
2013-05-28,7.492000000000001
2013-05-29,6.396000000000001
2013-05-30,7.158999999999999
2013-05-31,7.832000000000001
2013-06-01,6.940000000000001
2013-06-02,7.329999999999998
2013-06-03,7.841999999999999
2013-06-04,7.951999999999998
2013-06-05,8.553
2013-06-06,9.568999999999999
2013-06-07,9.895999999999999
2013-06-08,10.263
2013-06-09,10.212
2013-06-10,9.706999999999999
2013-06-11,9.923
2013-06-12,11.419
2013-06-13,11.656
2013-06-14,11.709999999999999
2013-06-15,11.815
2013-06-16,13.048
2013-06-17,13.596
2013-06-18,13.706
2013-06-19,13.709999999999999
2013-06-20,13.722999999999999
2013-06-21,13.721
2013-06-22,15.529
2013-06-23,16.52
2013-06-24,17.123
2013-06-25,16.918
2013-06-26,16.778
2013-06-27,16.753
2013-06-28,17.178
2013-06-29,17.267
2013-06-30,17.416
2013-07-01,18.141
2013-07-02,18.293
2013-07-03,18.335
2013-07-04,18.381
2013-07-05,18.674
2013-07-06,20.126
2013-07-07,20.612000000000002
2013-07-08,20.778
2013-07-09,20.587
2013-07-10,20.338
2013-07-11,20.384
2013-07-12,20.667
2013-07-13,20.986
2013-07-14,21.777
2013-07-15,24.247
2013-07-16,24.392
2013-07-17,24.766
2013-07-18,24.965
2013-07-19,24.834
2013-07-20,23.733
2013-07-21,23.82
2013-07-22,22.999
2013-07-23,22.218
2013-07-24,21.456
2013-07-25,21.223
2013-07-26,21.217
2013-07-27,21.317
2013-07-28,20.891
2013-07-29,20.878
2013-07-30,20.584
2013-07-31,20.448999999999998
2013-08-01,20.89
2013-08-02,21.072
2013-08-03,20.622
2013-08-04,20.417
2013-08-05,20.234
2013-08-06,20.482
2013-08-07,20.611
2013-08-08,20.978
2013-08-09,21.012999999999998
2013-08-10,21.139
2013-08-11,21.233
2013-08-12,21.232
2013-08-13,20.558
2013-08-14,20.05
2013-08-15,19.856
2013-08-16,19.87
2013-08-17,20.106
2013-08-18,20.77
2013-08-19,21.157
2013-08-20,21.236
2013-08-21,21.316
2013-08-22,21.281
2013-08-23,21.308
2013-08-24,21.198999999999998
2013-08-25,20.853
2013-08-26,21.118
2013-08-27,21.584
2013-08-28,21.903
2013-08-29,22.423000000000002
2013-08-30,22.585
2013-08-31,22.421
2013-09-01,22.296
2013-09-02,22.265
2013-09-03,21.823
2013-09-04,20.497
2013-09-05,20.206
2013-09-06,19.951999999999998
2013-09-07,19.601
2013-09-08,19.335
2013-09-09,20.139
2013-09-10,20.375
2013-09-11,20.247
2013-09-12,19.091
2013-09-13,19.05
2013-09-14,18.752
2013-09-15,17.978
2013-09-16,17.794
2013-09-17,17.914
2013-09-18,18.018
2013-09-19,18.099
2013-09-20,18.354
2013-09-21,18.003
2013-09-22,17.698
2013-09-23,17.673000000000002
2013-09-24,17.631
2013-09-25,17.314999999999998
2013-09-26,17.344
2013-09-27,17.362000000000002
2013-09-28,17.434
2013-09-29,17.36
2013-09-30,17.462
2013-10-01,17.701
2013-10-02,17.851
2013-10-03,17.955
2013-10-04,18.008
2013-10-05,17.975
2013-10-06,16.481
2013-10-07,16.144
2013-10-08,16.09
2013-10-09,16.02
2013-10-10,16.121000000000002
2013-10-11,16.191
2013-10-12,16.224
2013-10-13,16.131999999999998
2013-10-14,16.037
2013-10-15,15.945
2013-10-16,16.033
2013-10-17,16.039
2013-10-18,15.359
2013-10-19,15.134
2013-10-20,14.975
2013-10-21,14.373
2013-10-22,14.172
2013-10-23,12.964
2013-10-24,12.702
2013-10-25,12.728
2013-10-26,12.809
2013-10-27,12.575
2013-10-28,12.208
2013-10-29,12.343
2013-10-30,11.249
2013-10-31,10.619
2013-11-01,11.123
2013-11-02,11.248
2013-11-03,11.485
2013-11-04,11.605
2013-11-05,12.044
2013-11-06,11.448
2013-11-07,10.262
2013-11-08,10.001999999999999
2013-11-09,9.498
2013-11-10,9.372
2013-11-11,9.224
2013-11-12,9.53
2013-11-13,8.855999999999998
2013-11-14,9.072
2013-11-15,9.118
2013-11-16,9.426
2013-11-17,9.535
2013-11-18,8.849
2013-11-19,8.379000000000001
2013-11-20,8.418
2013-11-21,8.212
2013-11-22,8.387999999999998
2013-11-23,6.922000000000001
2013-11-24,5.687000000000001
2013-11-25,5.594999999999999
2013-11-26,5.065000000000001
2013-11-27,5.597000000000001
2013-11-28,5.616
2013-11-29,5.645
2013-11-30,5.687000000000001
2013-12-01,5.765999999999998
2013-12-02,4.497
2013-12-03,3.9860000000000007
2013-12-04,3.844999999999999
2013-12-05,4.251000000000001
2013-12-06,3.507999999999999
2013-12-07,3.009999999999998
2013-12-08,2.936
2013-12-09,3.068999999999999
2013-12-10,3.698999999999998
2013-12-11,4.087
2013-12-12,3.512999999999998
2013-12-13,3.8689999999999998
2013-12-14,4.148
2013-12-15,3.532
2013-12-16,3.338000000000001
2013-12-17,3.408999999999999
2013-12-18,3.896000000000001
2013-12-19,3.655000000000001
2013-12-20,3.4499999999999993
2013-12-21,3.913999999999998
2013-12-22,3.876999999999999
2013-12-23,3.2049999999999983
2013-12-24,3.131999999999998
2013-12-25,3.035
2013-12-26,3.151
2013-12-27,4.1370000000000005
2013-12-28,3.9929999999999986
2013-12-29,3.940999999999999
2013-12-30,4.056000000000001
2013-12-31,4.283999999999999
2014-01-01,3.722999999999999
2014-01-02,3.7560000000000002
2014-01-03,2.721
2014-01-04,2.789999999999999
2014-01-05,2.844000000000001
2014-01-06,1.971
2014-01-07,2.4269999999999996
2014-01-08,1.2169999999999987
2014-01-09,0.9100000000000001
2014-01-10,1.0309999999999988
2014-01-11,1.4559999999999995
2014-01-12,2.318999999999999
2014-01-13,2.483999999999998
2014-01-14,2.5459999999999994
2014-01-15,2.4639999999999986
2014-01-16,2.247
2014-01-17,2.4299999999999997
2014-01-18,2.198999999999998
2014-01-19,1.718
2014-01-20,1.943999999999999
2014-01-21,1.948999999999998
2014-01-22,1.713000000000001
2014-01-23,1.730999999999998
2014-01-24,1.6340000000000003
2014-01-25,1.0599999999999987
2014-01-26,1.338000000000001
2014-01-27,0.8870000000000005
2014-01-28,0.8200000000000003
2014-01-29,0.9039999999999999
2014-01-30,1.0210000000000008
2014-01-31,1.2070000000000007
2014-02-01,1.6189999999999998
2014-02-02,1.6340000000000003
2014-02-03,1.815999999999999
2014-02-04,2.2409999999999997
2014-02-05,2.5869999999999997
2014-02-06,2.442
2014-02-07,1.911999999999999
2014-02-08,1.5090000000000003
2014-02-09,1.158999999999999
2014-02-10,1.0899999999999999
2014-02-11,0.754999999999999
2014-02-12,0.6460000000000008
2014-02-13,0.5760000000000005
2014-02-14,0.7659999999999982
2014-02-15,0.7489999999999988
2014-02-16,0.6879999999999988
2014-02-17,0.7349999999999994
2014-02-18,1.001999999999999
2014-02-19,1.036999999999999
2014-02-20,0.9190000000000005
2014-02-21,0.8149999999999977
2014-02-22,0.7070000000000007
2014-02-23,0.6769999999999996
2014-02-24,0.7289999999999992
2014-02-25,0.5449999999999982
2014-02-26,0.41799999999999926
2014-02-27,0.2740000000000009
2014-02-28,0.29799999999999827
2014-03-01,0.4660000000000011
2014-03-02,0.33399999999999963
2014-03-03,0.12300000000000111
2014-03-04,0.1999999999999993
2014-03-05,0.24899999999999878
2014-03-06,0.245000000000001
2014-03-07,0.33999999999999986
2014-03-08,0.347999999999999
2014-03-09,0.46300000000000097
2014-03-10,0.5350000000000001
2014-03-11,0.4450000000000003
2014-03-12,0.4690000000000012
2014-03-13,0.31099999999999994
2014-03-14,0.04899999999999949
2014-03-15,-0.1960000000000015
2014-03-16,-0.16799999999999926
2014-03-17,-0.08600000000000207
2014-03-18,-0.0070000000000014495
2014-03-19,0.045999999999999375
2014-03-20,0.14199999999999946
2014-03-21,0.24099999999999966
2014-03-22,0.259999999999998
2014-03-23,-0.028000000000002245
2014-03-24,-0.23100000000000165
2014-03-25,-0.01600000000000179
2014-03-26,-0.11299999999999955
2014-03-27,-0.10600000000000165
2014-03-28,0.3200000000000003
2014-03-29,0.5289999999999999
2014-03-30,0.5229999999999997
2014-03-31,0.6539999999999999
2014-04-01,0.8019999999999996
2014-04-02,0.7659999999999982
2014-04-03,0.7590000000000003
2014-04-04,0.8329999999999984
2014-04-05,0.8309999999999995
2014-04-06,0.722999999999999
2014-04-07,0.028999999999999915
2014-04-08,-0.25900000000000034
2014-04-09,-0.16799999999999926
2014-04-10,0.010999999999999233
2014-04-11,0.5150000000000006
2014-04-12,1.0629999999999988
2014-04-13,1.096
2014-04-14,0.6359999999999992
2014-04-15,0.44599999999999795
2014-04-16,0.5839999999999996
2014-04-17,0.09100000000000108
2014-04-18,0.17299999999999827
2014-04-19,0.20599999999999952
2014-04-20,0.31200000000000117
2014-04-21,0.6310000000000002
2014-04-22,1.0809999999999995
2014-04-23,1.0599999999999987
2014-04-24,1.0210000000000008
2014-04-25,1.0410000000000004
2014-04-26,1.588000000000001
2014-04-27,1.8299999999999983
2014-04-28,1.8689999999999998
2014-04-29,1.754999999999999
2014-04-30,1.8039999999999985
2014-05-01,1.9879999999999995
2014-05-02,1.3909999999999982
2014-05-03,2.335000000000001
2014-05-04,1.9100000000000001
2014-05-05,1.8279999999999994
2014-05-06,1.7729999999999997
2014-05-07,1.6950000000000003
2014-05-08,1.6170000000000009
2014-05-09,2.776
2014-05-10,4.1789999999999985
2014-05-11,4.364000000000001
2014-05-12,3.628
2014-05-13,3.4770000000000003
2014-05-14,1.663999999999998
2014-05-15,2.9400000000000013
2014-05-16,3.6479999999999997
2014-05-17,3.7390000000000008
2014-05-18,3.7360000000000007
2014-05-19,3.372
2014-05-20,2.8320000000000007
2014-05-21,2.6310000000000002
2014-05-22,3.2650000000000006
2014-05-23,3.219000000000001
2014-05-24,3.0109999999999992
2014-05-25,2.9589999999999996
2014-05-26,3
2014-05-27,2.7360000000000007
2014-05-28,4.155999999999999
2014-05-29,5.347000000000001
2014-05-30,5.294999999999998
2014-05-31,5.483999999999998
2014-06-01,5.311
2014-06-02,5.888999999999999
2014-06-03,5.765000000000001
2014-06-04,6.018999999999998
2014-06-05,5.645
2014-06-06,5.288
2014-06-07,4.905000000000001
2014-06-08,5.489999999999998
2014-06-09,5.948999999999998
2014-06-10,5.834
2014-06-11,5.8580000000000005
2014-06-12,6.338999999999999
2014-06-13,6.187999999999999
2014-06-14,6.1370000000000005
2014-06-15,5.942999999999998
2014-06-16,5.945
2014-06-17,6.756999999999998
2014-06-18,7.472999999999999
2014-06-19,8.419
2014-06-20,12.513
2014-06-21,13.347999999999999
2014-06-22,13.452
2014-06-23,13.932
2014-06-24,13.655
2014-06-25,13.658999999999999
2014-06-26,17.023
2014-06-27,17.759
2014-06-28,18.476
2014-06-29,18.586
2014-06-30,18.423000000000002
2014-07-01,17.968
2014-07-02,17.248
2014-07-03,16.497
2014-07-04,16.654
2014-07-05,16.391
2014-07-06,18.005
2014-07-07,18.543
2014-07-08,17.832
2014-07-09,17.944
2014-07-10,17.47
2014-07-11,17.139
2014-07-12,16.765
2014-07-13,17.487000000000002
2014-07-14,17.805
2014-07-15,16.988
2014-07-16,18.144
2014-07-17,19.806
2014-07-18,19.849
2014-07-19,19.57
2014-07-20,18.971
2014-07-21,18.942999999999998
2014-07-22,19.493000000000002
2014-07-23,19.91
2014-07-24,20.124
2014-07-25,19.576999999999998
2014-07-26,18.77
2014-07-27,18.016
2014-07-28,18.181
2014-07-29,18.241
2014-07-30,18.271
2014-07-31,18.316
2014-08-01,18.746
2014-08-02,19.893
2014-08-03,19.747
2014-08-04,20.455
2014-08-05,20.187
2014-08-06,20
2014-08-07,19.556
2014-08-08,19.505
2014-08-09,20.076
2014-08-10,20.405
2014-08-11,21.048000000000002
2014-08-12,21.313
2014-08-13,21.262999999999998
2014-08-14,18.395
2014-08-15,18.368
2014-08-16,18.323999999999998
2014-08-17,18.167
2014-08-18,18.063
2014-08-19,17.884999999999998
2014-08-20,17.822
2014-08-21,17.469
2014-08-22,18.67
2014-08-23,19.625
2014-08-24,20.43
2014-08-25,20.62
2014-08-26,20.799
2014-08-27,21.181
2014-08-28,20.645
2014-08-29,19.854
2014-08-30,19.115000000000002
2014-08-31,19.27
2014-09-01,19.586
2014-09-02,19.983
2014-09-03,20.291
2014-09-04,20.456
2014-09-05,20.304000000000002
2014-09-06,20.06
2014-09-07,19.9
2014-09-08,19.503
2014-09-09,19.64
2014-09-10,19.595
2014-09-11,19.755
2014-09-12,19.616
2014-09-13,18.034
2014-09-14,17.569
2014-09-15,17.463
2014-09-16,17.579
2014-09-17,17.427
2014-09-18,17.323
2014-09-19,17.166
2014-09-20,17.185
2014-09-21,17.147
2014-09-22,15.788
2014-09-23,15.894
2014-09-24,16.006
2014-09-25,16.115000000000002
2014-09-26,16.116999999999997
2014-09-27,16.515
2014-09-28,17.033
2014-09-29,17.241
2014-09-30,17.225
2014-10-01,17.31
2014-10-02,16.664
2014-10-03,15.796
2014-10-04,15.597999999999999
2014-10-05,15.699
2014-10-06,15.786
2014-10-07,15.852
2014-10-08,15.703
2014-10-09,15.472
2014-10-10,14.217
2014-10-11,13.962
2014-10-12,13.995
2014-10-13,14.068
2014-10-14,14.182
2014-10-15,13.599
2014-10-16,11.685
2014-10-17,11.331
2014-10-18,11.270999999999999
2014-10-19,11.23
2014-10-20,11.81
2014-10-21,12.802999999999999
2014-10-22,12.765
2014-10-23,12.855
2014-10-24,12.749
2014-10-25,12.533999999999999
2014-10-26,12.498
2014-10-27,12.118
2014-10-28,11.513
2014-10-29,11.184
2014-10-30,11.174
2014-10-31,10.551
2014-11-01,10.581
2014-11-02,10.416
2014-11-03,10.612
2014-11-04,10.754999999999999
2014-11-05,10.847999999999999
2014-11-06,10.482
2014-11-07,10.145
2014-11-08,7.963000000000001
2014-11-09,8.582999999999998
2014-11-10,8.995999999999999
2014-11-11,8.892
2014-11-12,7.966000000000001
2014-11-13,7.501000000000001
2014-11-14,6.199999999999999
2014-11-15,6.102
2014-11-16,6.292999999999999
2014-11-17,6.471
2014-11-18,6.399999999999999
2014-11-19,5.890000000000001
2014-11-20,5.559000000000001
2014-11-21,5.445999999999998
2014-11-22,5.204000000000001
2014-11-23,5.0440000000000005
2014-11-24,5.186
2014-11-25,5.105999999999998
2014-11-26,4.911999999999999
2014-11-27,4.952999999999999
2014-11-28,5.052
2014-11-29,5.0539999999999985
2014-11-30,4.98
2014-12-01,4.934000000000001
2014-12-02,4.800000000000001
2014-12-03,4.849999999999998
2014-12-04,5.058
2014-12-05,4.6419999999999995
2014-12-06,4.667999999999999
2014-12-07,4.553000000000001
2014-12-08,5.001000000000001
2014-12-09,5.091000000000001
2014-12-10,4.504999999999999
2014-12-11,4.460000000000001
2014-12-12,4.802
2014-12-13,4.922000000000001
2014-12-14,4.588999999999999
2014-12-15,5.126999999999999
2014-12-16,6.227
2014-12-17,4.088000000000001
2014-12-18,3.3279999999999994
2014-12-19,2.9849999999999994
2014-12-20,2.8919999999999995
2014-12-21,3.003999999999998
2014-12-22,3.5
2014-12-23,4.283000000000001
2014-12-24,3.782
2014-12-25,3.7029999999999994
2014-12-26,3.5429999999999993
2014-12-27,2.8900000000000006
2014-12-28,2.724
2014-12-29,2.701999999999998
2014-12-30,2.25
2014-12-31,2.308
2015-01-01,2.876999999999999
2015-01-02,3.5189999999999984
2015-01-03,3.1479999999999997
2015-01-04,3.0459999999999994
2015-01-05,2.216000000000001
2015-01-06,1.968
2015-01-07,2.849
2015-01-08,2.2270000000000003
2015-01-09,2.216000000000001
2015-01-10,2.1630000000000003
2015-01-11,2.7379999999999995
2015-01-12,1.873000000000001
2015-01-13,1.0899999999999999
2015-01-14,1.1189999999999998
2015-01-15,1.3840000000000003
2015-01-16,1.8290000000000006
2015-01-17,2.382999999999999
2015-01-18,2.538999999999998
2015-01-19,1.908999999999999
2015-01-20,1.5470000000000006
2015-01-21,1.3810000000000002
2015-01-22,1.4879999999999995
2015-01-23,1.5629999999999988
2015-01-24,1.6069999999999993
2015-01-25,1.404
2015-01-26,1.1080000000000005
2015-01-27,0.8170000000000002
2015-01-28,0.6769999999999996
2015-01-29,0.8949999999999996
2015-01-30,1.4420000000000002
2015-01-31,2.2689999999999984
2015-02-01,2.344999999999999
2015-02-02,2.3329999999999984
2015-02-03,1.8569999999999993
2015-02-04,1.783999999999999
2015-02-05,1.6799999999999997
2015-02-06,0.5169999999999995
2015-02-07,0.3719999999999999
2015-02-08,0.13299999999999912
2015-02-09,0.20700000000000074
2015-02-10,0.21699999999999875
2015-02-11,-0.18100000000000094
2015-02-12,-0.21100000000000207
2015-02-13,0.022999999999999687
2015-02-14,0.04299999999999926
2015-02-15,0.1269999999999989
2015-02-16,0.2190000000000012
2015-02-17,0.17999999999999972
2015-02-18,0.045999999999999375
2015-02-19,0.0990000000000002
2015-02-20,-0.31200000000000117
2015-02-21,-0.19200000000000017
2015-02-22,0.0940000000000012
2015-02-23,0.4280000000000008
2015-02-24,0.4009999999999998
2015-02-25,0.08500000000000085
2015-02-26,0.16300000000000026
2015-02-27,0.2259999999999991
2015-02-28,0.12300000000000111
2015-03-01,0.2629999999999981
2015-03-02,0.5309999999999988
2015-03-03,0.5129999999999981
2015-03-04,0.3260000000000005
2015-03-05,0.2289999999999992
2015-03-06,0.22199999999999775
2015-03-07,0.5459999999999994
2015-03-08,0.3359999999999985
2015-03-09,0.7300000000000004
2015-03-10,0.3509999999999991
2015-03-11,0.3299999999999983
2015-03-12,0.3559999999999981
2015-03-13,0.22299999999999898
2015-03-14,-0.06800000000000139
2015-03-15,0.6939999999999991
2015-03-16,0.972999999999999
2015-03-17,0.5500000000000007
2015-03-18,0.48900000000000077
2015-03-19,0.43400000000000105
2015-03-20,0.33200000000000074
2015-03-21,0.3819999999999979
2015-03-22,0.5769999999999982
2015-03-23,0.6600000000000001
2015-03-24,0.6449999999999996
2015-03-25,0.9190000000000005
2015-03-26,0.23300000000000054
2015-03-27,-0.08800000000000097
2015-03-28,-0.045999999999999375
2015-03-29,-0.3460000000000001
2015-03-30,-0.20599999999999952
2015-03-31,0.6230000000000011
2015-04-01,0.8079999999999998
2015-04-02,0.4920000000000009
2015-04-03,0.2579999999999991
2015-04-04,0.1720000000000006
2015-04-05,-0.004999999999999005
2015-04-06,-0.26099999999999923
2015-04-07,0.14300000000000068
2015-04-08,0.41799999999999926
2015-04-09,0.504999999999999
2015-04-10,0.8689999999999998
2015-04-11,1.0079999999999991
2015-04-12,1.3230000000000004
2015-04-13,0.8269999999999982
2015-04-14,0.6129999999999995
2015-04-15,0.5429999999999993
2015-04-16,0.44899999999999807
2015-04-17,0.6239999999999988
2015-04-18,1.536999999999999
2015-04-19,1.6720000000000006
2015-04-20,1.3249999999999993
2015-04-21,0.690999999999999
2015-04-22,0.43400000000000105
2015-04-23,0.8079999999999998
2015-04-24,0.7219999999999978
2015-04-25,0.718
2015-04-26,0.6059999999999981
2015-04-27,0.727999999999998
2015-04-28,1.5869999999999997
2015-04-29,1.7510000000000012
2015-04-30,1.8179999999999978
2015-05-01,2.727999999999998
2015-05-02,2.727999999999998
2015-05-03,2.965
2015-05-04,3.405000000000001
2015-05-05,3.597999999999999
2015-05-06,3.692
2015-05-07,3.530999999999999
2015-05-08,3.686
2015-05-09,4.469999999999999
2015-05-10,4.547999999999998
2015-05-11,3.1739999999999995
2015-05-12,4.224
2015-05-13,4.2719999999999985
2015-05-14,4.469000000000001
2015-05-15,3.5330000000000013
2015-05-16,3.2169999999999987
2015-05-17,2.7429999999999986
2015-05-18,3.803000000000001
2015-05-19,4.337
2015-05-20,5.376000000000001
2015-05-21,5.591000000000001
2015-05-22,5.885999999999999
2015-05-23,5.907
2015-05-24,5.643000000000001
2015-05-25,5.222000000000001
2015-05-26,4.959
2015-05-27,3.794999999999998
2015-05-28,4.3870000000000005
2015-05-29,4.59
2015-05-30,4.812000000000001
2015-05-31,5.259999999999998
2015-06-01,6.446999999999999
2015-06-02,6.829000000000001
2015-06-03,6.75
2015-06-04,6.722000000000001
2015-06-05,6.664999999999999
2015-06-06,6.186
2015-06-07,6.259999999999998
2015-06-08,6.32
2015-06-09,7.655000000000001
2015-06-10,7.683
2015-06-11,8.378
2015-06-12,7.582000000000001
2015-06-13,8.683
2015-06-14,8.617999999999999
2015-06-15,10.036
2015-06-16,10.642999999999999
2015-06-17,10.751
2015-06-18,9.89
2015-06-19,12.19
2015-06-20,13.392999999999999
2015-06-21,13.809
2015-06-22,14.399
2015-06-23,14.52
2015-06-24,14.729
2015-06-25,14.875
2015-06-26,14.716
2015-06-27,14.949
2015-06-28,15.055
2015-06-29,15.100999999999999
2015-06-30,15.738
2015-07-01,15.763
2015-07-02,16.118000000000002
2015-07-03,16.069
2015-07-04,16.267
2015-07-05,16.93
2015-07-06,17.673000000000002
2015-07-07,17.784
2015-07-08,17.786
2015-07-09,17.63
2015-07-10,17.743
2015-07-11,17.889
2015-07-12,19.036
2015-07-13,19.586
2015-07-14,19.723
2015-07-15,16.686999999999998
2015-07-16,16.398
2015-07-17,16.706
2015-07-18,17.498
2015-07-19,17.866
2015-07-20,18.189999999999998
2015-07-21,18.213
2015-07-22,18.086
2015-07-23,18.172
2015-07-24,18.301000000000002
2015-07-25,18.701999999999998
2015-07-26,19.256999999999998
2015-07-27,19.229
2015-07-28,19.136
2015-07-29,20.009
2015-07-30,20.307
2015-07-31,20.677
2015-08-01,20.579
2015-08-02,20.687
2015-08-03,20.146
2015-08-04,20.55
2015-08-05,20.408
2015-08-06,20.456
2015-08-07,20.186
2015-08-08,20.564
2015-08-09,21.825
2015-08-10,21.974
2015-08-11,21.823
2015-08-12,21.636
2015-08-13,20.866
2015-08-14,20.848
2015-08-15,21.229
2015-08-16,21.623
2015-08-17,21.943
2015-08-18,22.027
2015-08-19,21.771
2015-08-20,22.051000000000002
2015-08-21,22.276
2015-08-22,22.421
2015-08-23,22.482
2015-08-24,22.221
2015-08-25,21.597
2015-08-26,20.649
2015-08-27,20.701999999999998
2015-08-28,20.494
2015-08-29,20.397
2015-08-30,20.518
2015-08-31,20.736
2015-09-01,20.927
2015-09-02,21.062
2015-09-03,21.365
2015-09-04,21.89
2015-09-05,22.42
2015-09-06,22.451999999999998
2015-09-07,22.398
2015-09-08,22.39
2015-09-09,21.935
2015-09-10,21.91
2015-09-11,21.97
2015-09-12,20.57
2015-09-13,19.819
2015-09-14,20.652
2015-09-15,20.722
2015-09-16,20.956
2015-09-17,21.373
2015-09-18,21.437
2015-09-19,20.902
2015-09-20,20.495
2015-09-21,19.969
2015-09-22,19.791
2015-09-23,19.825
2015-09-24,19.895
2015-09-25,19.505
2015-09-26,19.261
2015-09-27,19.323999999999998
2015-09-28,19.353
2015-09-29,19.143
2015-09-30,18.073999999999998
2015-10-01,17.842
2015-10-02,17.842
2015-10-03,17.874
2015-10-04,17.838
2015-10-05,16.082
2015-10-06,16.113999999999997
2015-10-07,16.029
2015-10-08,15.843
2015-10-09,15.855
2015-10-10,15.643
2015-10-11,15.276
2015-10-12,15.22
2015-10-13,14.897
2015-10-14,14.055
2015-10-15,12.888
2015-10-16,13
2015-10-17,12.873
2015-10-18,12.379
2015-10-19,12.401
2015-10-20,12.599
2015-10-21,12.552999999999999
2015-10-22,12.581
2015-10-23,12.369
2015-10-24,10.144
2015-10-25,9.860999999999999
2015-10-26,9.747
2015-10-27,9.871
2015-10-28,10.206999999999999
2015-10-29,10.147
2015-10-30,10.145
2015-10-31,10.334
2015-11-01,10.757
2015-11-02,10.913
2015-11-03,10.806
2015-11-04,10.908
2015-11-05,10.921
2015-11-06,10.732
2015-11-07,10.249
2015-11-08,10.151
2015-11-09,9.962
2015-11-10,10.041
2015-11-11,9.911999999999999
2015-11-12,9.862
2015-11-13,9.554
2015-11-14,9.28
2015-11-15,8.915
2015-11-16,8.756
2015-11-17,8.881999999999998
2015-11-18,8.963999999999999
2015-11-19,9.089
2015-11-20,8.864999999999998
2015-11-21,8.018
2015-11-22,8.073999999999998
2015-11-23,7.797999999999998
2015-11-24,7.68
2015-11-25,7.649999999999999
2015-11-26,7.722999999999999
2015-11-27,7.8309999999999995
2015-11-28,7.088999999999999
2015-11-29,7.218
2015-11-30,7.603999999999999
2015-12-01,7.652000000000001
2015-12-02,7.577999999999999
2015-12-03,7.349999999999998
2015-12-04,7.559999999999999
2015-12-05,7.759
2015-12-06,7.297999999999998
2015-12-07,7.122
2015-12-08,7.045999999999999
2015-12-09,7.027999999999999
2015-12-10,6.875
2015-12-11,6.684999999999999
2015-12-12,6.495000000000001
2015-12-13,6.396000000000001
2015-12-14,6.332000000000001
2015-12-15,7.248999999999999
2015-12-16,7.344999999999999
2015-12-17,7.166999999999998
2015-12-18,7.2669999999999995
2015-12-19,7.157
2015-12-20,5.815000000000001
2015-12-21,6.0539999999999985
2015-12-22,6.5809999999999995
2015-12-23,6.539999999999999
2015-12-24,6.759
2015-12-25,6.436
2015-12-26,6.268999999999998
2015-12-27,5.975999999999999
2015-12-28,6.2109999999999985
2015-12-29,5.730999999999998
2015-12-30,5.841000000000001
2015-12-31,4.619
2016-01-01,4.959
2016-01-02,4.879000000000001
2016-01-03,4.324999999999999
2016-01-04,4.474
2016-01-05,4.364999999999998
2016-01-06,4.497
2016-01-07,4.521000000000001
2016-01-08,4.542999999999999
2016-01-09,4.350999999999999
2016-01-10,4.529
2016-01-11,3.8900000000000006
2016-01-12,3.7089999999999996
2016-01-13,3.754999999999999
2016-01-14,4.359999999999999
2016-01-15,4.352
2016-01-16,4.024000000000001
2016-01-17,3.931000000000001
2016-01-18,3.8629999999999995
2016-01-19,3.8739999999999988
2016-01-20,3.5470000000000006
2016-01-21,2.8580000000000005
2016-01-22,2.3569999999999993
2016-01-23,2.149000000000001
2016-01-24,2.280000000000001
2016-01-25,2.439
2016-01-26,4.164999999999999
2016-01-27,4.666999999999998
2016-01-28,3.9289999999999985
2016-01-29,3.8739999999999988
2016-01-30,3.7059999999999995
2016-01-31,2.901
2016-02-01,2.693999999999999
2016-02-02,2.8290000000000006
2016-02-03,2.666999999999998
2016-02-04,2.597999999999999
2016-02-05,2.748000000000001
2016-02-06,2.7439999999999998
2016-02-07,2.683
2016-02-08,2.933
2016-02-09,2.2979999999999983
2016-02-10,2.5159999999999982
2016-02-11,2.5730000000000004
2016-02-12,2.637999999999998
2016-02-13,2.7010000000000005
2016-02-14,2.529
2016-02-15,2.445999999999998
2016-02-16,1.2100000000000009
2016-02-17,1.0079999999999991
2016-02-18,0.9510000000000005
2016-02-19,1.1260000000000012
2016-02-20,1.5109999999999992
2016-02-21,1.9319999999999986
2016-02-22,0.8269999999999982
2016-02-23,0.3810000000000002
2016-02-24,0.40700000000000003
2016-02-25,0.6609999999999978
2016-02-26,0.9269999999999996
2016-02-27,1.564
2016-02-28,1.6310000000000002
2016-02-29,1.6389999999999993
2016-03-01,1.1430000000000007
2016-03-02,0.8000000000000007
2016-03-03,0.7800000000000011
2016-03-04,0.6159999999999997
2016-03-05,0.7010000000000005
2016-03-06,0.8339999999999996
2016-03-07,1.375
2016-03-08,2.056000000000001
2016-03-09,3.158999999999999
2016-03-10,2.660999999999998
2016-03-11,2.4989999999999988
2016-03-12,2.434000000000001
2016-03-13,2.468
2016-03-14,2.4510000000000005
2016-03-15,1.2510000000000012
2016-03-16,0.9759999999999991
2016-03-17,0.7830000000000013
2016-03-18,0.6759999999999984
2016-03-19,0.48799999999999955
2016-03-20,0.36299999999999955
2016-03-21,0.3829999999999991
2016-03-22,0.6550000000000011
2016-03-23,0.9310000000000009
2016-03-24,0.5649999999999977
2016-03-25,0.3030000000000008
2016-03-26,0.7010000000000005
2016-03-27,0.8170000000000002
2016-03-28,1.1389999999999993
2016-03-29,1.2910000000000004
2016-03-30,1.2979999999999983
2016-03-31,1.5169999999999995
2016-04-01,1.815999999999999
2016-04-02,2.0919999999999987
2016-04-03,1.5969999999999978
2016-04-04,1.2219999999999978
2016-04-05,1.1329999999999991
2016-04-06,1.100999999999999
2016-04-07,1.4250000000000007
2016-04-08,1.3930000000000007
2016-04-09,1.2989999999999995
2016-04-10,1.445999999999998
2016-04-11,1.3780000000000001
2016-04-12,1.3679999999999986
2016-04-13,1.3960000000000008
2016-04-14,1.4770000000000003
2016-04-15,1.4589999999999996
2016-04-16,1.3179999999999978
2016-04-17,1.6870000000000012
2016-04-18,1.5530000000000008
2016-04-19,1.2699999999999996
2016-04-20,1.2850000000000001
2016-04-21,2.4579999999999984
2016-04-22,2.785999999999998
2016-04-23,2.8859999999999992
2016-04-24,2.8599999999999994
2016-04-25,2.995000000000001
2016-04-26,3.0809999999999995
2016-04-27,3.164999999999999
2016-04-28,3.0549999999999997
2016-04-29,2.8610000000000007
2016-04-30,2.4080000000000013
2016-05-01,2.687999999999999
2016-05-02,2.937000000000001
2016-05-03,3.3659999999999997
2016-05-04,3.6099999999999994
2016-05-05,3.9510000000000005
2016-05-06,4.277000000000001
2016-05-07,4.370999999999999
2016-05-08,4.451999999999998
2016-05-09,4.599999999999998
2016-05-10,4.834
2016-05-11,4.82
2016-05-12,4.847999999999999
2016-05-13,5.1080000000000005
2016-05-14,4.75
2016-05-15,4.690000000000001
2016-05-16,4.882999999999999
2016-05-17,5.0440000000000005
2016-05-18,5.431000000000001
2016-05-19,6.280000000000001
2016-05-20,6.2719999999999985
2016-05-21,5.09
2016-05-22,4.809000000000001
2016-05-23,6.052
2016-05-24,5.655000000000001
2016-05-25,5.812000000000001
2016-05-26,7.2059999999999995
2016-05-27,7.82
2016-05-28,7.794999999999998
2016-05-29,8.818000000000001
2016-05-30,9.296
2016-05-31,9.767
2016-06-01,10.718
2016-06-02,11.057
2016-06-03,11.298
2016-06-04,11.519
2016-06-05,11.581999999999999
2016-06-06,12.039
2016-06-07,13.652
2016-06-08,14.137
2016-06-09,14.165
2016-06-10,13.251
2016-06-11,12.883
2016-06-12,12.719999999999999
2016-06-13,12.645999999999999
2016-06-14,12.631
2016-06-15,12.677999999999999
2016-06-16,12.517
2016-06-17,14.251
2016-06-18,15.9
2016-06-19,15.522
2016-06-20,14.932
2016-06-21,14.613999999999999
2016-06-22,14.373
2016-06-23,14.575
2016-06-24,14.892999999999999
2016-06-25,15.491
2016-06-26,16.524
2016-06-27,17.313
2016-06-28,17.645
2016-06-29,17.787
2016-06-30,17.634999999999998
2016-07-01,17.817999999999998
2016-07-02,17.732
2016-07-03,17.698
2016-07-04,17.637999999999998
2016-07-05,17.425
2016-07-06,17.631999999999998
2016-07-07,18.873
2016-07-08,18.975
2016-07-09,18.567999999999998
2016-07-10,18.672
2016-07-11,18.746
2016-07-12,18.634999999999998
2016-07-13,19.715
2016-07-14,20.338
2016-07-15,20.92
2016-07-16,21.246
2016-07-17,21.18
2016-07-18,21.185
2016-07-19,20.758
2016-07-20,20.713
2016-07-21,20.969
2016-07-22,21.655
2016-07-23,22.357
2016-07-24,22.158
2016-07-25,21.728
2016-07-26,21.727
2016-07-27,21.793
2016-07-28,21.838
2016-07-29,22.274
2016-07-30,22.562
2016-07-31,22.522
2016-08-01,22.606
2016-08-02,22.86
2016-08-03,22.966
2016-08-04,23.307
2016-08-05,23.556
2016-08-06,23.405
2016-08-07,23.179
2016-08-08,22.951999999999998
2016-08-09,23.186
2016-08-10,23.928
2016-08-11,23.963
2016-08-12,23.969
2016-08-13,23.336
2016-08-14,23.459
2016-08-15,23.373
2016-08-16,23.274
2016-08-17,23.122
2016-08-18,23.183
2016-08-19,23.576
2016-08-20,23.783
2016-08-21,23.288
2016-08-22,22.526
2016-08-23,22.272
2016-08-24,22.562
2016-08-25,22.666
2016-08-26,22.919
2016-08-27,22.628
2016-08-28,22.534
2016-08-29,22.623
2016-08-30,22.578
2016-08-31,22.472
2016-09-01,22.402
2016-09-02,22.181
2016-09-03,21.769
2016-09-04,21.12
2016-09-05,21.496
2016-09-06,21.854
2016-09-07,22.141
2016-09-08,22.094
2016-09-09,22.241
2016-09-10,21.977
2016-09-11,21.216
2016-09-12,21.168
2016-09-13,21.038
2016-09-14,20.774
2016-09-15,20.54
2016-09-16,20.511
2016-09-17,20.654
2016-09-18,20.606
2016-09-19,20.546
2016-09-20,20.376
2016-09-21,20.238
2016-09-22,20.29
2016-09-23,20.277
2016-09-24,20.243000000000002
2016-09-25,20.167
2016-09-26,19.812
2016-09-27,18.912
2016-09-28,18.613
2016-09-29,18.795
2016-09-30,18.893
2016-10-01,18.85
2016-10-02,18.02
2016-10-03,18.047
2016-10-04,17.712
2016-10-05,17.698
2016-10-06,17.775
2016-10-07,17.834
2016-10-08,17.743
2016-10-09,17.268
2016-10-10,16.895
2016-10-11,16.63
2016-10-12,16.648
2016-10-13,16.518
2016-10-14,15.546
2016-10-15,15.363
2016-10-16,15.206999999999999
2016-10-17,15.083
2016-10-18,15.014
2016-10-19,14.952
2016-10-20,15.003
2016-10-21,14.892999999999999
2016-10-22,13.924
2016-10-23,13.901
2016-10-24,13.718
2016-10-25,13.227
2016-10-26,12.119
2016-10-27,11.856
2016-10-28,11.558
2016-10-29,10.984
2016-10-30,10.836
2016-10-31,10.804
2016-11-01,10.839
2016-11-02,11.086
2016-11-03,11.166
2016-11-04,10.879
2016-11-05,10.778
2016-11-06,10.506
2016-11-07,10.512
2016-11-08,10.574
2016-11-09,10.426
2016-11-10,10.145
2016-11-11,10.055
2016-11-12,10.286
2016-11-13,10.386
2016-11-14,10.235
2016-11-15,9.655
2016-11-16,9.43
2016-11-17,9.451
2016-11-18,9.677999999999999
2016-11-19,9.712
2016-11-20,8.725000000000001
2016-11-21,8.07
2016-11-22,6.7719999999999985
2016-11-23,6.876000000000001
2016-11-24,6.949999999999999
2016-11-25,7.108999999999998
2016-11-26,7.3870000000000005
2016-11-27,7.469000000000001
2016-11-28,7.4190000000000005
2016-11-29,7.439
2016-11-30,7.48
2016-12-01,7.547000000000001
2016-12-02,7.097000000000001
2016-12-03,6.7989999999999995
2016-12-04,6.6179999999999986
2016-12-05,6.744
2016-12-06,6.8309999999999995
2016-12-07,6.861999999999998
2016-12-08,6.908999999999999
2016-12-09,5.652999999999999
2016-12-10,5.844999999999999
2016-12-11,5.599999999999998
2016-12-12,5.556999999999999
2016-12-13,5.550999999999998
2016-12-14,4.728999999999999
2016-12-15,4.256
2016-12-16,4.073
2016-12-17,4.335000000000001
2016-12-18,4.468
2016-12-19,4.538999999999998
2016-12-20,4.274999999999999
2016-12-21,4.135999999999999
2016-12-22,4.073
2016-12-23,4.106999999999999
2016-12-24,4.244
2016-12-25,4.515000000000001
2016-12-26,4.489000000000001
2016-12-27,4.768999999999998
2016-12-28,5.157
2016-12-29,5.722999999999999
2016-12-30,4.884
2016-12-31,5.119
2017-01-01,4.876000000000001
2017-01-02,5.465
2017-01-03,5.637999999999998
2017-01-04,4.820999999999998
2017-01-05,3.904
2017-01-06,4.065000000000001
2017-01-07,2.0159999999999982
2017-01-08,3.843
2017-01-09,3.8200000000000003
2017-01-10,3.8230000000000004
2017-01-11,4.66
2017-01-12,4.5440000000000005
2017-01-13,2.812000000000001
2017-01-14,2.6340000000000003
2017-01-15,2.8969999999999985
2017-01-16,3.1729999999999983
2017-01-17,3.4770000000000003
2017-01-18,4.125
2017-01-19,4.523
2017-01-20,4.661999999999999
2017-01-21,5.18
2017-01-22,4.437000000000001
2017-01-23,4.611999999999998
2017-01-24,4.454000000000001
2017-01-25,4.393999999999998
2017-01-26,4.419999999999998
2017-01-27,4.3870000000000005
2017-01-28,4.041
2017-01-29,3.571999999999999
2017-01-30,3.2089999999999996
2017-01-31,2.939
2017-02-01,2.7409999999999997
2017-02-02,1.7759999999999998
2017-02-03,1.4190000000000005
2017-02-04,1.5060000000000002
2017-02-05,1.908999999999999
2017-02-06,2.0429999999999993
2017-02-07,1.9469999999999992
2017-02-08,1.9540000000000006
2017-02-09,2.1110000000000007
2017-02-10,2.192
2017-02-11,2.3069999999999986
2017-02-12,1.6699999999999982
2017-02-13,0.8419999999999987
2017-02-14,0.6469999999999985
2017-02-15,0.6870000000000012
2017-02-16,1.0090000000000003
2017-02-17,1.5760000000000005
2017-02-18,1.6729999999999983
2017-02-19,1.5120000000000005
2017-02-20,1.4740000000000002
2017-02-21,1.6289999999999978
2017-02-22,2.0539999999999985
2017-02-23,2.538999999999998
2017-02-24,2.687000000000001
2017-02-25,1.9450000000000003
2017-02-26,1.4579999999999984
2017-02-27,1.370000000000001
2017-02-28,1.306000000000001
2017-03-01,1.4529999999999994
2017-03-02,1.2339999999999982
2017-03-03,1.2710000000000008
2017-03-04,1.1729999999999983
2017-03-05,1.2560000000000002
2017-03-06,0.9879999999999995
2017-03-07,1.061
2017-03-08,1.2109999999999985
2017-03-09,0.8919999999999995
2017-03-10,0.4349999999999987
2017-03-11,0.8030000000000008
2017-03-12,0.8120000000000012
2017-03-13,1.1829999999999998
2017-03-14,0.46499999999999986
2017-03-15,0.34199999999999875
2017-03-16,0.17299999999999827
2017-03-17,0.24399999999999977
2017-03-18,0.5429999999999993
2017-03-19,0.7339999999999982
2017-03-20,0.870000000000001
2017-03-21,0.7880000000000003
2017-03-22,0.695999999999998
2017-03-23,0.509999999999998
2017-03-24,0.39699999999999847
2017-03-25,0.44399999999999906
2017-03-26,0.5799999999999983
2017-03-27,-0.28200000000000003
2017-03-28,-0.22100000000000009
2017-03-29,-0.20200000000000173
2017-03-30,-0.08600000000000207
2017-03-31,0.21600000000000108
2017-04-01,1.189
2017-04-02,1.2349999999999994
2017-04-03,0.33399999999999963
2017-04-04,0.8840000000000003
2017-04-05,1.4319999999999986
2017-04-06,1.120000000000001
2017-04-07,1.166999999999998
2017-04-08,1.1729999999999983
2017-04-09,1.216000000000001
2017-04-10,1.1430000000000007
2017-04-11,1.3520000000000003
2017-04-12,1.2330000000000005
2017-04-13,1.399000000000001
2017-04-14,1.6239999999999988
2017-04-15,1.4349999999999987
2017-04-16,1.5820000000000007
2017-04-17,1.9179999999999993
2017-04-18,2.4450000000000003
2017-04-19,2.1630000000000003
2017-04-20,2.277000000000001
2017-04-21,2.4559999999999995
2017-04-22,2.073999999999998
2017-04-23,1.9929999999999986
2017-04-24,2.064
2017-04-25,2.1580000000000013
2017-04-26,2.0139999999999993
2017-04-27,2.5060000000000002
2017-04-28,3.247
2017-04-29,2.7719999999999985
2017-04-30,2.7330000000000005
2017-05-01,2.7349999999999994
2017-05-02,2.719000000000001
2017-05-03,3.1479999999999997
2017-05-04,3.1149999999999984
2017-05-05,2.7959999999999994
2017-05-06,3.210000000000001
2017-05-07,2.751999999999999
2017-05-08,2.541999999999998
2017-05-09,2.562999999999999
2017-05-10,2.600999999999999
2017-05-11,2.4130000000000003
2017-05-12,2.6690000000000005
2017-05-13,2.7409999999999997
2017-05-14,2.678000000000001
2017-05-15,1.6870000000000012
2017-05-16,1.9770000000000003
2017-05-17,1.8859999999999992
2017-05-18,3.3760000000000012
2017-05-19,3.852999999999998
2017-05-20,6.0539999999999985
2017-05-21,5.9559999999999995
2017-05-22,6.155999999999999
2017-05-23,6.265999999999998
2017-05-24,6.254000000000001
2017-05-25,6.27
2017-05-26,6.3580000000000005
2017-05-27,5.248999999999999
2017-05-28,5.867000000000001
2017-05-29,5.981999999999999
2017-05-30,5.966000000000001
2017-05-31,5.623000000000001
2017-06-01,6.192999999999998
2017-06-02,6.533999999999999
2017-06-03,6.664999999999999
2017-06-04,7.084
2017-06-05,7.843
2017-06-06,8.119
2017-06-07,8.456
2017-06-08,10.113999999999999
2017-06-09,10.699
2017-06-10,11.123
2017-06-11,10.994
2017-06-12,9.95
2017-06-13,10.142
2017-06-14,9.855
2017-06-15,11.009
2017-06-16,11.279
2017-06-17,13.727
2017-06-18,14.765
2017-06-19,14.888
2017-06-20,14.47
2017-06-21,13.431
2017-06-22,14.212
2017-06-23,15.583
2017-06-24,16.333
2017-06-25,16.801000000000002
2017-06-26,17.07
2017-06-27,16.838
2017-06-28,15.940999999999999
2017-06-29,13.879
2017-06-30,14.168
2017-07-01,16.563000000000002
2017-07-02,17.88
2017-07-03,17.96
2017-07-04,17.631999999999998
2017-07-05,17.139
2017-07-06,17.328
2017-07-07,17.740000000000002
2017-07-08,18.27
2017-07-09,18.424
2017-07-10,18.804000000000002
2017-07-11,19.072
2017-07-12,18.576
2017-07-13,18.476
2017-07-14,18.233
2017-07-15,18.488
2017-07-16,19.448
2017-07-17,20.188
2017-07-18,20.427
2017-07-19,20.752
2017-07-20,21.328
2017-07-21,21.599
2017-07-22,21.548000000000002
2017-07-23,20.983
2017-07-24,19.945999999999998
2017-07-25,20.357
2017-07-26,20.37
2017-07-27,20.273
2017-07-28,20.159
2017-07-29,20.333
2017-07-30,20.392
2017-07-31,20.442
2017-08-01,20.892
2017-08-02,21.675
2017-08-03,22.038
2017-08-04,20.705
2017-08-05,20.436
2017-08-06,20.354
2017-08-07,20.376
2017-08-08,20.37
2017-08-09,20.154
2017-08-10,20.024
2017-08-11,20.371
2017-08-12,20.305
2017-08-13,20.158
2017-08-14,20.165
2017-08-15,20.303
2017-08-16,21.069
2017-08-17,20.969
2017-08-18,20.762
2017-08-19,20.631999999999998
2017-08-20,21.336
2017-08-21,21.505
2017-08-22,21.549
2017-08-23,21.154
2017-08-24,20.082
2017-08-25,19.416
2017-08-26,19.269
2017-08-27,19.243
2017-08-28,19.397
2017-08-29,19.492
2017-08-30,19.084
2017-08-31,18.929000000000002
2017-09-01,19.031
2017-09-02,19.189999999999998
2017-09-03,19.253
2017-09-04,19.052
2017-09-05,18.9
2017-09-06,18.63
2017-09-07,18.15
2017-09-08,17.814999999999998
2017-09-09,17.853
2017-09-10,17.785
2017-09-11,17.88
2017-09-12,18.829
2017-09-13,18.927
2017-09-14,19.84
2017-09-15,20.049
2017-09-16,19.985
2017-09-17,20.012
2017-09-18,20.1
2017-09-19,20.397
2017-09-20,20.947
2017-09-21,21.02
2017-09-22,21.001
2017-09-23,20.591
2017-09-24,21.882
2017-09-25,21.349
2017-09-26,21.944
2017-09-27,19.768
2017-09-28,18.873
2017-09-29,18.021
2017-09-30,17.84
2017-10-01,17.494
2017-10-02,17.431
2017-10-03,17.441
2017-10-04,17.573
2017-10-05,17.576999999999998
2017-10-06,17.543
2017-10-07,17.338
2017-10-08,17.461
2017-10-09,17.500999999999998
2017-10-10,17.529
2017-10-11,17.549
2017-10-12,17.505
2017-10-13,17.267
2017-10-14,16.813000000000002
2017-10-15,15.344
2017-10-16,14.399
2017-10-17,14.959999999999999
2017-10-18,15.257
2017-10-19,14.866999999999999
2017-10-20,15.25
2017-10-21,15.124
2017-10-22,15.054
2017-10-23,14.845
2017-10-24,14.597
2017-10-25,13.933
2017-10-26,13.632
2017-10-27,13.581
2017-10-28,13.493
2017-10-29,12.961
2017-10-30,11.347999999999999
2017-10-31,10.206999999999999
2017-11-01,10.67
2017-11-02,11.387
2017-11-03,10.908
2017-11-04,10.562
2017-11-05,10.267
2017-11-06,10.491
2017-11-07,9.82
2017-11-08,9.674
2017-11-09,9.914
2017-11-10,10.121
2017-11-11,10.147
2017-11-12,10.293
2017-11-13,10.030999999999999
2017-11-14,8.646999999999998
2017-11-15,8.579999999999998
2017-11-16,8.296
2017-11-17,7.986999999999998
2017-11-18,7.721
2017-11-19,7.303000000000001
2017-11-20,7.175000000000001
2017-11-21,7.161999999999999
2017-11-22,7.305
2017-11-23,7.5489999999999995
2017-11-24,7.372
2017-11-25,7.428000000000001
2017-11-26,7.366
2017-11-27,7.178000000000001
2017-11-28,7.212
2017-11-29,7.212
2017-11-30,7.236000000000001
2017-12-01,7.038999999999998
2017-12-02,6.428000000000001
2017-12-03,6.489000000000001
2017-12-04,6.506999999999998
2017-12-05,6.728999999999999
2017-12-06,6.559000000000001
2017-12-07,6.032
2017-12-08,5.370999999999999
2017-12-09,4.695
2017-12-10,4.859999999999999
2017-12-11,3.8610000000000007
2017-12-12,3.902000000000001
2017-12-13,3.945999999999998
2017-12-14,3.846
2017-12-15,3.6950000000000003
2017-12-16,3.2040000000000006
2017-12-17,2.9929999999999986
2017-12-18,4.012999999999998
2017-12-19,3.631999999999998
2017-12-20,3.161999999999999
2017-12-21,3.7399999999999984
2017-12-22,3.463000000000001
2017-12-23,4.183
2017-12-24,3.6469999999999985
2017-12-25,2.9220000000000006
2017-12-26,2.5479999999999983
2017-12-27,2.0180000000000007
2017-12-28,2.1439999999999984
2017-12-29,2.498000000000001
2017-12-30,2.4289999999999985
2017-12-31,2.7119999999999997
2018-01-01,3.34
2018-01-02,2.7390000000000008
2018-01-03,3.3810000000000002
2018-01-04,2.8599999999999994
2018-01-05,2.451999999999998
2018-01-06,2.5159999999999982
2018-01-07,2.2959999999999994
2018-01-08,1.5599999999999987
2018-01-09,1.2749999999999986
2018-01-10,1.181000000000001
2018-01-11,1.350999999999999
2018-01-12,1.814
2018-01-13,2.094999999999999
2018-01-14,2.071999999999999
2018-01-15,1.8949999999999996
2018-01-16,1.9770000000000003
2018-01-17,1.972999999999999
2018-01-18,1.8649999999999984
2018-01-19,2.1849999999999987
2018-01-20,3.747
2018-01-21,3.919999999999998
2018-01-22,3.4819999999999993
2018-01-23,2.344000000000001
2018-01-24,1.7089999999999996
2018-01-25,1.6340000000000003
2018-01-26,1.527000000000001
2018-01-27,0.44200000000000017
2018-01-28,-0.04299999999999926
2018-01-29,-0.03399999999999892
2018-01-30,0.3230000000000004
2018-01-31,0.916999999999998
2018-02-01,2.064
2018-02-02,2.001999999999999
2018-02-03,1.9800000000000004
2018-02-04,1.8419999999999987
2018-02-05,1.730999999999998
2018-02-06,1.2899999999999991
2018-02-07,0.9600000000000009
2018-02-08,0.884999999999998
2018-02-09,0.9869999999999983
2018-02-10,0.9879999999999995
2018-02-11,0.9220000000000006
2018-02-12,0.6460000000000008
2018-02-13,0.4009999999999998
2018-02-14,0.25900000000000034
2018-02-15,0.47499999999999787
2018-02-16,0.6789999999999985
2018-02-17,0.620000000000001
2018-02-18,0.7119999999999997
2018-02-19,0.9179999999999993
2018-02-20,0.6409999999999982
2018-02-21,0.4660000000000011
2018-02-22,0.8170000000000002
2018-02-23,0.8919999999999995
2018-02-24,0.44099999999999895
2018-02-25,0.6490000000000009
2018-02-26,0.4710000000000001
2018-02-27,0.2809999999999988
2018-02-28,0.4710000000000001
2018-03-01,0.44200000000000017
2018-03-02,0.4089999999999989
2018-03-03,0.4269999999999996
2018-03-04,0.3739999999999988
2018-03-05,0.4209999999999994
2018-03-06,0.5069999999999979
2018-03-07,0.8859999999999992
2018-03-08,1.6089999999999982
2018-03-09,0.6849999999999987
2018-03-10,0.44200000000000017
2018-03-11,0.3730000000000011
2018-03-12,0.36799999999999855
2018-03-13,0.4869999999999983
2018-03-14,0.684000000000001
2018-03-15,0.7010000000000005
2018-03-16,0.42299999999999827
2018-03-17,0.2970000000000006
2018-03-18,0.2480000000000011
2018-03-19,0.25900000000000034
2018-03-20,0.49599999999999866
2018-03-21,0.8859999999999992
2018-03-22,1.0219999999999985
2018-03-23,1.0919999999999987
2018-03-24,1.0620000000000012
2018-03-25,1.0210000000000008
2018-03-26,0.9899999999999984
2018-03-27,1.0180000000000007
2018-03-28,0.8990000000000009
2018-03-29,1.126999999999999
2018-03-30,1.0719999999999992
2018-03-31,0.8979999999999997
2018-04-01,0.6009999999999991
2018-04-02,0.5569999999999986
2018-04-03,0.6370000000000005
2018-04-04,0.7539999999999978
2018-04-05,0.6660000000000004
2018-04-06,0.5919999999999987
2018-04-07,0.6479999999999997
2018-04-08,0.4319999999999986
2018-04-09,0.35800000000000054
2018-04-10,0.6370000000000005
2018-04-11,0.5969999999999978
2018-04-12,0.625
2018-04-13,0.7979999999999983
2018-04-14,0.9740000000000002
2018-04-15,0.5389999999999979
2018-04-16,2.8019999999999996
2018-04-17,2.6449999999999996
2018-04-18,1.2149999999999999
2018-04-19,1.1329999999999991
2018-04-20,1.056000000000001
2018-04-21,1.0839999999999996
2018-04-22,0.977999999999998
2018-04-23,1.1580000000000013
2018-04-24,1.1020000000000003
2018-04-25,1.341000000000001
2018-04-26,1.5039999999999978
2018-04-27,1.7459999999999987
2018-04-28,2.628999999999998
2018-04-29,2.873000000000001
2018-04-30,2.9609999999999985
2018-05-01,2.849999999999998
2018-05-02,2.570999999999998
2018-05-03,2.350999999999999
2018-05-04,3.378
2018-05-05,3.7119999999999997
2018-05-06,3.8200000000000003
2018-05-07,4.018000000000001
2018-05-08,3.4929999999999986
2018-05-09,3.131999999999998
2018-05-10,2.727999999999998
2018-05-11,3.2319999999999993
2018-05-12,3.3969999999999985
2018-05-13,3.4559999999999995
2018-05-14,3.8919999999999995
2018-05-15,3.963000000000001
2018-05-16,4.23
2018-05-17,4.082000000000001
2018-05-18,3.8709999999999987
2018-05-19,4.512999999999998
2018-05-20,4.547999999999998
2018-05-21,4.498000000000001
2018-05-22,4.484999999999999
2018-05-23,4.597000000000001
2018-05-24,4.937999999999999
2018-05-25,4.832999999999998
2018-05-26,5.268000000000001
2018-05-27,6
2018-05-28,5.867000000000001
2018-05-29,6.597000000000001
2018-05-30,6.675000000000001
2018-05-31,6.68
2018-06-01,7.161000000000001
2018-06-02,7.172000000000001
2018-06-03,7.015999999999998
2018-06-04,7.280999999999999
2018-06-05,8.068999999999999
2018-06-06,8.146999999999998
2018-06-07,8.241
2018-06-08,9.937
2018-06-09,10.674
2018-06-10,11.235999999999999
2018-06-11,11.093
2018-06-12,10.526
2018-06-13,11.212
2018-06-14,11.295
2018-06-15,11.43
2018-06-16,11.459
2018-06-17,10.654
2018-06-18,10.507
2018-06-19,10.802
2018-06-20,11.406
2018-06-21,12.193
2018-06-22,16.343
2018-06-23,16.197
2018-06-24,16.124000000000002
2018-06-25,16.17
2018-06-26,16.375999999999998
2018-06-27,17.239
2018-06-28,17.375
2018-06-29,17.378
2018-06-30,17.528
2018-07-01,17.16
2018-07-02,18.529
2018-07-03,18.778
2018-07-04,18.477
2018-07-05,18.222
2018-07-06,18.026
2018-07-07,17.581
2018-07-08,17.651
2018-07-09,18.277
2018-07-10,19.594
2018-07-11,19.356
2018-07-12,19.234
2018-07-13,19.583
2018-07-14,20.307
2018-07-15,22.053
2018-07-16,21.633
2018-07-17,21.312
2018-07-18,21.054
2018-07-19,20.859
2018-07-20,20.806
2018-07-21,20.692
2018-07-22,20.669
2018-07-23,20.105
2018-07-24,21.779
2018-07-25,22.038
2018-07-26,22.08
2018-07-27,21.454
2018-07-28,21.387
2018-07-29,21.403
2018-07-30,21.732
2018-07-31,21.604
2018-08-01,21.77
2018-08-02,21.757
2018-08-03,22.742
2018-08-04,23.062
2018-08-05,23.292
2018-08-06,23.134
2018-08-07,23.211
2018-08-08,23.448
2018-08-09,23.218
2018-08-10,23.076999999999998
2018-08-11,23.106
2018-08-12,23.172
2018-08-13,23.608
2018-08-14,23.802
2018-08-15,23.801
2018-08-16,23.721
2018-08-17,23.566
2018-08-18,23.571
2018-08-19,23.559
2018-08-20,23.575
2018-08-21,23.448
2018-08-22,22.289
2018-08-23,22.003
2018-08-24,22.128
2018-08-25,22.205
2018-08-26,22.105
2018-08-27,21.712
2018-08-28,21.471
2018-08-29,21.311
2018-08-30,21.564
2018-08-31,21.71
2018-09-01,21.858
2018-09-02,21.901
2018-09-03,21.979
2018-09-04,22.186
2018-09-05,22.193
2018-09-06,21.93
2018-09-07,21.908
2018-09-08,21.857
2018-09-09,21.649
2018-09-10,20.864
2018-09-11,19.685
2018-09-12,19.721
2018-09-13,20.335
2018-09-14,20.704
2018-09-15,20.78
2018-09-16,20.72
2018-09-17,20.998
2018-09-18,21.217
2018-09-19,21.445
2018-09-20,20.896
2018-09-21,17.844
2018-09-22,17.000999999999998
2018-09-23,16.859
2018-09-24,17.1
2018-09-25,17.48
2018-09-26,18.067999999999998
2018-09-27,16.616999999999997
2018-09-28,16.525
2018-09-29,16.465
2018-09-30,16.264
2018-10-01,16.061
2018-10-02,15.501
2018-10-03,15.222
2018-10-04,15.172
2018-10-05,15.091
2018-10-06,15.03
2018-10-07,14.588
2018-10-08,14.408999999999999
2018-10-09,14.491
2018-10-10,13.632
2018-10-11,13.276
2018-10-12,13.299
2018-10-13,13.339
2018-10-14,13.211
2018-10-15,13.033999999999999
2018-10-16,12.616999999999999
2018-10-17,11.533999999999999
2018-10-18,11.054
2018-10-19,10.801
2018-10-20,10.571
2018-10-21,10.42
2018-10-22,9.84
2018-10-23,9.855
2018-10-24,10.097999999999999
2018-10-25,10.307
2018-10-26,9.936
2018-10-27,9.895
2018-10-28,9.616999999999999
2018-10-29,9.697
2018-10-30,9.602
2018-10-31,9.645
2018-11-01,9.517
2018-11-02,9.282
2018-11-03,9.289
2018-11-04,9.116999999999999
2018-11-05,9.334999999999999
2018-11-06,9.267
2018-11-07,9.511
2018-11-08,9.247
2018-11-09,8.893
2018-11-10,8.331
2018-11-11,7.893999999999998
2018-11-12,7.1469999999999985
2018-11-13,6.631999999999998
2018-11-14,6.52
2018-11-15,6.513999999999999
2018-11-16,6.2940000000000005
2018-11-17,6.3870000000000005
2018-11-18,5.858999999999998
2018-11-19,5.899000000000001
2018-11-20,5.18
2018-11-21,5.068999999999999
2018-11-22,5.029
2018-11-23,5.376000000000001
2018-11-24,5.6129999999999995
2018-11-25,5.789999999999999
2018-11-26,5.782
2018-11-27,5.504000000000001
2018-11-28,5.065999999999999
2018-11-29,5.559000000000001
2018-11-30,6.085000000000001
2018-12-01,5.803000000000001
2018-12-02,5.756999999999998
2018-12-03,5.678000000000001
2018-12-04,5.571999999999999
2018-12-05,5.41
2018-12-06,5.23
2018-12-07,4.445999999999998
2018-12-08,4.233999999999998
2018-12-09,4.1789999999999985
2018-12-10,4.355
2018-12-11,4.463000000000001
2018-12-12,5.295999999999999
2018-12-13,5.48
2018-12-14,5.408000000000001
2018-12-15,5.181999999999999
2018-12-16,4.884999999999998
2018-12-17,4.567
2018-12-18,4.550999999999998
2018-12-19,4.620999999999999
2018-12-20,3.911999999999999
2018-12-21,4.3039999999999985
2018-12-22,4.315999999999999
2018-12-23,4.035999999999998
2018-12-24,4.071999999999999
2018-12-25,4.082000000000001
2018-12-26,3.9239999999999995
2018-12-27,3.7349999999999994
2018-12-28,3.9220000000000006
2018-12-29,4.059999999999999
2018-12-30,4.198999999999998
2018-12-31,4.076999999999998
2019-01-01,4.027000000000001
2019-01-02,3.411999999999999
2019-01-03,3.535
2019-01-04,3.504999999999999
2019-01-05,3.5509999999999984
2019-01-06,3.6080000000000005
2019-01-07,3.7330000000000005
2019-01-08,3.814
2019-01-09,3.251999999999999
2019-01-10,2.9819999999999993
2019-01-11,2.6499999999999986
2019-01-12,3.0279999999999987
2019-01-13,3.1409999999999982
2019-01-14,3.1140000000000008
2019-01-15,3.0169999999999995
2019-01-16,3.0470000000000006
2019-01-17,3.5889999999999986
2019-01-18,3.725999999999999
2019-01-19,3.320999999999998
2019-01-20,1.7940000000000005
2019-01-21,1.1479999999999997
2019-01-22,0.9980000000000011
2019-01-23,1.2800000000000011
2019-01-24,2.096
2019-01-25,3.0249999999999986
2019-01-26,3.335000000000001
2019-01-27,3.289999999999999
2019-01-28,2.4229999999999983
2019-01-29,2.34
2019-01-30,2.280999999999999
2019-01-31,2.4400000000000013
2019-02-01,2.5539999999999985
2019-02-02,2.2439999999999998
2019-02-03,2.689
2019-02-04,1.4570000000000007
2019-02-05,1.0749999999999993
2019-02-06,1.1439999999999984
2019-02-07,1.25
2019-02-08,1.448999999999998
2019-02-09,1.623000000000001
2019-02-10,1.5470000000000006
2019-02-11,1.2809999999999988
2019-02-12,0.41600000000000037
2019-02-13,1.6750000000000007
2019-02-14,1.5599999999999987
2019-02-15,0.9259999999999984
2019-02-16,0.6499999999999986
2019-02-17,0.5919999999999987
2019-02-18,0.6609999999999978
2019-02-19,1.036999999999999
2019-02-20,1.4869999999999983
2019-02-21,1.649000000000001
2019-02-22,2.1189999999999998
2019-02-23,2.1149999999999984
2019-02-24,1.975999999999999
2019-02-25,1.9869999999999983
2019-02-26,1.6179999999999986
2019-02-27,1.6580000000000013
2019-02-28,1.811
2019-03-01,1.899000000000001
2019-03-02,1.5489999999999995
2019-03-03,1.573999999999998
2019-03-04,0.347999999999999
2019-03-05,0.4819999999999993
2019-03-06,1.0159999999999982
2019-03-07,1.2190000000000012
2019-03-08,1.2910000000000004
2019-03-09,1.533999999999999
2019-03-10,0.7399999999999984
2019-03-11,0.9059999999999988
2019-03-12,1.1649999999999991
2019-03-13,1.2639999999999993
2019-03-14,1.3049999999999997
2019-03-15,1.3200000000000003
2019-03-16,1.1179999999999986
2019-03-17,1.1119999999999983
2019-03-18,0.9250000000000007
2019-03-19,0.8879999999999981
2019-03-20,0.7100000000000009
2019-03-21,0.46199999999999974
2019-03-22,0.40500000000000114
2019-03-23,0.45899999999999963
2019-03-24,0.5769999999999982
2019-03-25,0.8039999999999985
2019-03-26,0.968
2019-03-27,1.0969999999999978
2019-03-28,1.2139999999999986
2019-03-29,1.4179999999999993
2019-03-30,0.7199999999999989
2019-03-31,0.6609999999999978
2019-04-01,0.7409999999999997
2019-04-02,0.7639999999999993
2019-04-03,0.8339999999999996
2019-04-04,0.8930000000000007
2019-04-05,1.2249999999999979
2019-04-06,1.2989999999999995
2019-04-07,1.2850000000000001
2019-04-08,1.3939999999999984
2019-04-09,1.443999999999999
2019-04-10,1.3499999999999979
2019-04-11,1.2349999999999994
2019-04-12,0.7040000000000006
2019-04-13,0.6529999999999987
2019-04-14,0.6750000000000007
2019-04-15,0.4549999999999983
2019-04-16,0.48900000000000077
2019-04-17,0.44299999999999784
2019-04-18,0.4519999999999982
2019-04-19,0.7360000000000007
2019-04-20,1.2029999999999994
2019-04-21,1.1119999999999983
2019-04-22,1.3670000000000009
2019-04-23,1.8309999999999995
2019-04-24,1.6050000000000004
2019-04-25,1.850999999999999
2019-04-26,1.1409999999999982
2019-04-27,1.2100000000000009
2019-04-28,1.1559999999999988
2019-04-29,1.1739999999999995
2019-04-30,1.291999999999998
2019-05-01,1.6699999999999982
2019-05-02,2.320999999999998
2019-05-03,2.439
2019-05-04,2.6449999999999996
2019-05-05,2.780999999999999
2019-05-06,2.533999999999999
2019-05-07,2.9619999999999997
2019-05-08,2.998000000000001
2019-05-09,3.155000000000001
2019-05-10,3.2609999999999992
2019-05-11,3.352999999999998
2019-05-12,3.1769999999999996
2019-05-13,3.1179999999999986
2019-05-14,3.372
2019-05-15,3.3709999999999987
2019-05-16,3.0229999999999997
2019-05-17,2.847999999999999
2019-05-18,2.905999999999999
2019-05-19,3.291999999999998
2019-05-20,3.3309999999999995
2019-05-21,3.4499999999999993
2019-05-22,3.509999999999998
2019-05-23,3.526
2019-05-24,3.788999999999998
2019-05-25,4.091000000000001
2019-05-26,3.8640000000000008
2019-05-27,4.137999999999998
2019-05-28,4.059999999999999
2019-05-29,4.390000000000001
2019-05-30,4.901
2019-05-31,4.939
2019-06-01,4.645
2019-06-02,5.161999999999999
2019-06-03,5.443999999999999
2019-06-04,5.417999999999999
2019-06-05,6.338000000000001
2019-06-06,6.628
2019-06-07,7.335000000000001
2019-06-08,7.388999999999999
2019-06-09,7.646000000000001
2019-06-10,6.010999999999999
2019-06-11,6.198999999999998
2019-06-12,6.116
2019-06-13,6.149000000000001
2019-06-14,6.663999999999998
2019-06-15,6.039999999999999
2019-06-16,7.201999999999998
2019-06-17,8.117
2019-06-18,8.956
2019-06-19,9.407
2019-06-20,12.446
2019-06-21,12.526
2019-06-22,12.382
2019-06-23,12.304
2019-06-24,12.097
2019-06-25,12.655
2019-06-26,13.567
2019-06-27,14.498
2019-06-28,15.342
2019-06-29,16.680999999999997
2019-06-30,17.302
2019-07-01,17.564999999999998
2019-07-02,17.269
2019-07-03,16.183999999999997
2019-07-04,12.538
2019-07-05,16.165
2019-07-06,19.759999999999998
2019-07-07,19.918
2019-07-08,20.054000000000002
2019-07-09,20.276
2019-07-10,20.52
2019-07-11,20.105
2019-07-12,19.992
2019-07-13,19.812
2019-07-14,19.725
2019-07-15,19.617
2019-07-16,19.789
2019-07-17,20.177
2019-07-18,21.453
2019-07-19,21.786
2019-07-20,21.661
2019-07-21,21.511
2019-07-22,21.58
2019-07-23,21.525
2019-07-24,21.415
2019-07-25,21.596
2019-07-26,21.741
2019-07-27,22.206
2019-07-28,22.677
2019-07-29,21.814
2019-07-30,21.758
2019-07-31,21.912
2019-08-01,21.882
2019-08-02,21.913
2019-08-03,22.114
2019-08-04,22.31
2019-08-05,22.292
2019-08-06,22.376
2019-08-07,22.466
2019-08-08,22.545
2019-08-09,22.502
2019-08-10,22.333
2019-08-11,22.285
2019-08-12,21.812
2019-08-13,21.774
2019-08-14,21.784
2019-08-15,21.8
2019-08-16,21.743
2019-08-17,21.573999999999998
2019-08-18,21.698
2019-08-19,21.591
2019-08-20,21.874
2019-08-21,21.44
2019-08-22,21.197
2019-08-23,21.028
2019-08-24,20.883
2019-08-25,20.876
2019-08-26,21.215
2019-08-27,21.364
2019-08-28,21.286
2019-08-29,20.93
2019-08-30,20.625
2019-08-31,20.35
2019-09-01,19.7
2019-09-02,19.066
2019-09-03,19.192999999999998
2019-09-04,19.165
2019-09-05,19.139
2019-09-06,19.051000000000002
2019-09-07,18.842
2019-09-08,18.781
2019-09-09,18.822
2019-09-10,18.715
2019-09-11,18.498
2019-09-12,18.43
2019-09-13,17.984
2019-09-14,17.794
2019-09-15,17.779
2019-09-16,17.839
2019-09-17,18.011
2019-09-18,18.041
2019-09-19,18.006
2019-09-20,18.049
2019-09-21,18.189999999999998
2019-09-22,18.186
2019-09-23,18.316
2019-09-24,18.295
2019-09-25,18.036
2019-09-26,17.908
2019-09-27,17.651
2019-09-28,17.588
2019-09-29,17.604
2019-09-30,17.492
2019-10-01,17.164
2019-10-02,16.525
2019-10-03,16.070999999999998
2019-10-04,15.918
2019-10-05,16.103
2019-10-06,15.273
2019-10-07,15.16
2019-10-08,15.119
2019-10-09,15.1
2019-10-10,15.113
2019-10-11,15.151
2019-10-12,14.746
2019-10-13,14.106
2019-10-14,14.122
2019-10-15,13.781
2019-10-16,13.249
2019-10-17,12.802999999999999
2019-10-18,12.267999999999999
2019-10-19,12.174
2019-10-20,12.141
2019-10-21,12.269
2019-10-22,12.027
2019-10-23,11.401
2019-10-24,10.589
2019-10-25,10.511
2019-10-26,10.775
2019-10-27,10.924999999999999
2019-10-28,11.217
2019-10-29,11.203999999999999
2019-10-30,11.12
2019-10-31,10.811
2019-11-01,8.616
2019-11-02,8.445
2019-11-03,8.794999999999998
2019-11-04,8.986
2019-11-05,9.029
2019-11-06,8.758
2019-11-07,8.001000000000001
2019-11-08,7.733999999999998
2019-11-09,7.478999999999999
2019-11-10,7.721
2019-11-11,7.190999999999999
2019-11-12,7.079999999999998
2019-11-13,7.097999999999999
2019-11-14,7.033999999999999
2019-11-15,6.768999999999998
2019-11-16,6.611000000000001
2019-11-17,6.645
2019-11-18,6.797999999999998
2019-11-19,6.2109999999999985
2019-11-20,6.064
2019-11-21,5.917999999999999
2019-11-22,5.931999999999999
2019-11-23,5.925999999999998
2019-11-24,5.838999999999999
2019-11-25,5.931000000000001
2019-11-26,5.977
2019-11-27,6
2019-11-28,5.9289999999999985
2019-11-29,5.881
2019-11-30,5.771000000000001
2019-12-01,5.59
2019-12-02,5.481999999999999
2019-12-03,5.367000000000001
2019-12-04,5.498000000000001
2019-12-05,5.576999999999998
2019-12-06,4.879000000000001
2019-12-07,4.661999999999999
2019-12-08,4.663
2019-12-09,4.783999999999999
2019-12-10,5.073999999999998
2019-12-11,4.1690000000000005
2019-12-12,4.294999999999998
2019-12-13,4.367000000000001
2019-12-14,4.582000000000001
2019-12-15,5.047000000000001
2019-12-16,4.986000000000001
2019-12-17,3.3689999999999998
2019-12-18,3.036999999999999
2019-12-19,3.1789999999999985
2019-12-20,4.5539999999999985
2019-12-21,4.585000000000001
2019-12-22,4.105999999999998
2019-12-23,3.9770000000000003
2019-12-24,4.117000000000001
2019-12-25,4.472000000000001
2019-12-26,4.573999999999998
2019-12-27,5.181999999999999
2019-12-28,5.273
2019-12-29,5.25
2019-12-30,5.039999999999999
2019-12-31,5.038
2020-01-01,4.2989999999999995
2020-01-02,4.175999999999998
2020-01-03,4.1789999999999985
2020-01-04,4.196999999999999
2020-01-05,3.974999999999998
2020-01-06,3.6340000000000003
2020-01-07,2.759999999999998
2020-01-08,2.812000000000001
2020-01-09,2.756999999999998
2020-01-10,2.9939999999999998
2020-01-11,3.312000000000001
2020-01-12,3.033999999999999
2020-01-13,3.068999999999999
2020-01-14,3.437000000000001
2020-01-15,2.4899999999999984
2020-01-16,2.2399999999999984
2020-01-17,2.146000000000001
2020-01-18,1.4229999999999983
2020-01-19,1.1189999999999998
2020-01-20,0.6849999999999987
2020-01-21,0.541999999999998
2020-01-22,0.934000000000001
2020-01-23,2.806000000000001
2020-01-24,3.146000000000001
2020-01-25,3.8939999999999984
2020-01-26,0.05099999999999838
2020-01-27,0.41600000000000037
2020-01-28,1.4929999999999986
2020-01-29,1.3350000000000009
2020-01-30,1.027000000000001
2020-01-31,1.061
2020-02-01,1.5060000000000002
2020-02-02,2.0700000000000003
2020-02-03,1.945999999999998
2020-02-04,2.003999999999998
2020-02-05,2.288999999999998
2020-02-06,1.936
2020-02-07,1.936
2020-02-08,1.756999999999998
2020-02-09,1.7650000000000006
2020-02-10,1.9229999999999983
2020-02-11,2.271000000000001
2020-02-12,1.1460000000000008
2020-02-13,1.2409999999999997
2020-02-14,1.2699999999999996
2020-02-15,1.4229999999999983
2020-02-16,1.439
2020-02-17,1.416999999999998
2020-02-18,1.5219999999999985
2020-02-19,1.416999999999998
2020-02-20,1.134999999999998
2020-02-21,0.559000000000001
2020-02-22,0.6119999999999983
2020-02-23,0.5990000000000002
2020-02-24,0.7330000000000005
2020-02-25,0.9609999999999985
2020-02-26,0.4559999999999995
2020-02-27,1.8999999999999986
2020-02-28,1.5719999999999992
2020-02-29,0.8490000000000002
2020-03-01,0.5719999999999992
2020-03-02,0.5279999999999987
2020-03-03,0.5060000000000002
2020-03-04,0.5359999999999978
2020-03-05,0.7149999999999999
2020-03-06,0.7789999999999999
2020-03-07,1.1479999999999997
2020-03-08,1.5219999999999985
2020-03-09,1.3520000000000003
2020-03-10,1.1920000000000002
2020-03-11,1.190999999999999
2020-03-12,1.216000000000001
2020-03-13,1.2940000000000005
2020-03-14,1.1789999999999985
2020-03-15,1.0649999999999977
2020-03-16,1.2079999999999984
2020-03-17,1.1750000000000007
2020-03-18,1.1780000000000008
2020-03-19,1.4370000000000012
2020-03-20,1.1159999999999997
2020-03-21,0.9029999999999987
2020-03-22,0.8449999999999989
2020-03-23,0.053999999999998494
2020-03-24,-0.43299999999999983
2020-03-25,0.5769999999999982
2020-03-26,-0.43799999999999883
2020-03-27,-0.4610000000000021
2020-03-28,-0.4800000000000004
2020-03-29,-0.1980000000000004
2020-03-30,0.41000000000000014
2020-03-31,1.213000000000001
2020-04-01,1.384999999999998
2020-04-02,1.7940000000000005
2020-04-03,2.0599999999999987
2020-04-04,2.317
2020-04-05,2.561
2020-04-06,2.649000000000001
2020-04-07,2.541999999999998
2020-04-08,2.431000000000001
2020-04-09,2.196999999999999
2020-04-10,2.259999999999998
2020-04-11,2.2109999999999985
2020-04-12,2.314
2020-04-13,2.439
2020-04-14,2.5970000000000013
2020-04-15,2.7880000000000003
2020-04-16,2.9190000000000005
2020-04-17,2.9830000000000005
2020-04-18,3.2779999999999987
2020-04-19,3.396000000000001
2020-04-20,3.480999999999998
2020-04-21,3.350999999999999
2020-04-22,3.160999999999998
2020-04-23,3.122
2020-04-24,2.945999999999998
2020-04-25,3.553000000000001
2020-04-26,3.4860000000000007
2020-04-27,3.5330000000000013
2020-04-28,3.503
2020-04-29,3.382999999999999
2020-04-30,3.0279999999999987
2020-05-01,3.3919999999999995
2020-05-02,3.6400000000000006
2020-05-03,4.405999999999999
2020-05-04,4.978999999999999
2020-05-05,4.980999999999998
2020-05-06,4.960000000000001
2020-05-07,4.994
2020-05-08,5.021000000000001
2020-05-09,4.6419999999999995
2020-05-10,4.713999999999999
2020-05-11,5.187999999999999
2020-05-12,5.329999999999998
2020-05-13,5.416999999999998
2020-05-14,5.3359999999999985
2020-05-15,5.245000000000001
2020-05-16,3.771000000000001
2020-05-17,5.0120000000000005
2020-05-18,5.623000000000001
2020-05-19,5.457000000000001
2020-05-20,5.257999999999999
2020-05-21,5.381999999999998
2020-05-22,5.2109999999999985
2020-05-23,5.347000000000001
2020-05-24,5.465
2020-05-25,4.116
2020-05-26,4.119
2020-05-27,4.469999999999999
2020-05-28,5.355
2020-05-29,12.689
2020-05-30,12.039
2020-05-31,12.42
2020-06-01,11.256
2020-06-02,11.081
2020-06-03,11.699
2020-06-04,12.148
2020-06-05,13.595
2020-06-06,14.298
2020-06-07,14.719
2020-06-08,15.091
2020-06-09,15.152
2020-06-10,15.145999999999999
2020-06-11,15.357
2020-06-12,15.677
2020-06-13,15.802999999999999
2020-06-14,16.041
2020-06-15,16.2
2020-06-16,16.6
2020-06-17,16.9
2020-06-18,18.8
2020-06-19,20.3
2020-06-20,20.7
2020-06-21,22.8
2020-06-22,22.4
2020-06-23,22.3
2020-06-24,22.1
2020-06-25,21.5
2020-06-26,20
2020-06-27,20.2
2020-06-28,20.6
2020-06-29,21.7
2020-06-30,22.4
2020-07-01,23
2020-07-02,23.2
2020-07-03,23.1
2020-07-04,23
2020-07-05,23.1
2020-07-06,23.4
2020-07-07,24.2
2020-07-08,24.3
2020-07-09,24.4
2020-07-10,24.5
2020-07-11,24.8
2020-07-12,23.9
2020-07-13,24.1
2020-07-14,23.8
2020-07-15,23.7
2020-07-16,23.6
2020-07-17,23.7
2020-07-18,23.7
2020-07-19,23.6
2020-07-20,23.8
2020-07-21,23.7
2020-07-22,23.7
2020-07-23,23.7
2020-07-24,23.8
2020-07-25,24
2020-07-26,24
2020-07-27,24.3
2020-07-28,24.4
2020-07-29,24.5
2020-07-30,24.5
2020-07-31,24.5
2020-08-01,24.6
2020-08-02,24.4
2020-08-03,24.2
2020-08-04,24
2020-08-05,23.1
2020-08-06,22.9
2020-08-07,22.9
2020-08-08,22.8
2020-08-09,22.8
2020-08-10,22.2
2020-08-11,23.2
2020-08-12,23.3
2020-08-13,23.4
2020-08-14,23.5
2020-08-15,23.8
2020-08-16,23.6
2020-08-17,23.5
2020-08-18,23.3
2020-08-19,23
2020-08-20,22.4
2020-08-21,22
2020-08-22,22.3
2020-08-23,22.6
2020-08-24,22.7
2020-08-25,22.7
2020-08-26,22.8
2020-08-27,22.6
2020-08-28,22.3
2020-08-29,21
2020-08-30,20.9
2020-08-31,20.7
2020-09-01,20.5
2020-09-02,20.6
2020-09-03,20.9
2020-09-04,20.7
2020-09-05,20.3
2020-09-06,19.9
2020-09-07,19.7
2020-09-08,19.4
2020-09-09,19.5
2020-09-10,19.3
2020-09-11,19.1
2020-09-12,19.1
2020-09-13,18.2
2020-09-14,18.1
2020-09-15,18
2020-09-16,17.7
2020-09-17,17.7
2020-09-18,17.6
2020-09-19,17.4
2020-09-20,16.8
2020-09-21,16.6
2020-09-22,16.5
2020-09-23,16.6
2020-09-24,17
2020-09-25,17.3
2020-09-26,17.3
2020-09-27,17.5
2020-09-28,17.4
2020-09-29,17.3
2020-09-30,17.3
2020-10-01,16.6
2020-10-02,16.3
2020-10-03,15.7
2020-10-04,15.4
2020-10-05,15.4
2020-10-06,15.3
2020-10-07,15.2
2020-10-08,14.8
2020-10-09,14.5
2020-10-10,14.5
2020-10-11,14.5
2020-10-12,14.5
2020-10-13,14.5
2020-10-14,14.4
2020-10-15,13.1
2020-10-16,13.1
2020-10-17,13
2020-10-18,13.1
2020-10-19,13.1
2020-10-20,11.6
2020-10-21,11.5
2020-10-22,11.3
2020-10-23,11.2
2020-10-24,10.9
2020-10-25,10.8
2020-10-26,10.9
2020-10-27,10.6
2020-10-28,10.9
2020-10-29,10.7
2020-10-30,10.5
2020-10-31,10.6
2020-11-01,10.8
2020-11-02,10.9
2020-11-03,10.6
2020-11-04,10
2020-11-05,9.7
2020-11-06,9.8
2020-11-07,10.1
2020-11-08,10.1
2020-11-09,10.5
2020-11-10,10.4
2020-11-11,10.2
2020-11-12,9.8
2020-11-13,9.1
2020-11-14,8.9
2020-11-15,8.9
2020-11-16,8.8
2020-11-17,8.7
2020-11-18,7.6
2020-11-19,7.5
2020-11-20,7.5
2020-11-21,8.5
2020-11-22,8.3
2020-11-23,7.4
2020-11-24,6.9
2020-11-25,6.7
2020-11-26,6.7
2020-11-27,7.3
2020-11-28,7.1
2020-11-29,7.4
2020-11-30,7.3
2020-12-01,7.6
2020-12-02,6.4
2020-12-03,6.3
2020-12-04,6.3
2020-12-05,6.8
2020-12-06,6.6
2020-12-07,6.5
2020-12-08,6.5
2020-12-09,6.2
2020-12-10,6.1
2020-12-11,5.7
2020-12-12,5.8
2020-12-13,6.1
2020-12-14,5.9
2020-12-15,5.7
2020-12-16,4.9
2020-12-17,4.7
2020-12-18,4.6
2020-12-19,4.9
2020-12-20,4.7
2020-12-21,5.7
2020-12-22,5.6
2020-12-23,5.4
2020-12-24,5.3
2020-12-25,4.4
2020-12-26,4
2020-12-27,3.6
2020-12-28,3.6
2020-12-29,4.1
2020-12-30,4.6
2020-12-31,4.3
2021-01-01,4.712
2021-01-02,4.873999999999999
2021-01-03,4.379000000000001
2021-01-04,3.7510000000000012
2021-01-05,3.8870000000000005
2021-01-06,3.5330000000000013
2021-01-07,3.2220000000000013
2021-01-08,3.253999999999998
2021-01-09,3.376999999999999
2021-01-10,3.8320000000000007
2021-01-11,3.9720000000000013
2021-01-12,4.163
2021-01-13,4.3679999999999986
2021-01-14,4.696999999999999
2021-01-15,4.710000000000001
2021-01-16,3.794999999999998
2021-01-17,3.562999999999999
2021-01-18,3.689
2021-01-19,2.937000000000001
2021-01-20,3.669999999999998
2021-01-21,2.968
2021-01-22,2.448999999999998
2021-01-23,2.189
2021-01-24,2.257999999999999
2021-01-25,2.41
2021-01-26,2.279
2021-01-27,2.219000000000001
2021-01-28,2.282
2021-01-29,3.413999999999998
2021-01-30,3.5
2021-01-31,3.474
2021-02-01,2.6020000000000003
2021-02-02,2.073999999999998
2021-02-03,1.7379999999999995
2021-02-04,1.9699999999999989
2021-02-05,2.721
2021-02-06,3.3649999999999984
2021-02-07,4.175999999999998
2021-02-08,4.263999999999999
2021-02-09,3.5169999999999995
2021-02-10,3.381999999999998
2021-02-11,3.3299999999999983
2021-02-12,3.056000000000001
2021-02-13,2.9929999999999986
2021-02-14,3.108999999999998
2021-02-15,2.8369999999999997
2021-02-16,2.8689999999999998
2021-02-17,2.878
2021-02-18,2.965
2021-02-19,2.605999999999998
2021-02-22,2.1469999999999985
2021-02-23,2.3550000000000004
2021-02-24,2.262999999999998
2021-02-25,2.076999999999998
2021-02-26,1.1149999999999984
2021-02-27,0.8960000000000008
2021-02-28,1.038999999999998
2021-03-01,1.4429999999999978
2021-03-02,1.3120000000000012
2021-03-03,0.786999999999999
2021-03-04,0.6649999999999991
2021-03-05,0.5999999999999979
2021-03-06,0.7779999999999987
2021-03-07,0.5500000000000007
2021-03-08,0.6110000000000007
2021-03-09,0.7119999999999997
2021-03-10,0.2940000000000005
2021-03-11,-0.05000000000000071
2021-03-12,-0.0259999999999998
2021-03-13,-0.03900000000000148
2021-03-14,0.22199999999999775
2021-03-15,0.9899999999999984
2021-03-16,1.0470000000000006
2021-03-17,0.8599999999999994
2021-03-18,0.7839999999999989
2021-03-19,0.5960000000000001
2021-03-20,0.5689999999999991
2021-03-21,0.6159999999999997
2021-03-22,0.7439999999999998
2021-03-23,0.843
2021-03-24,1.2800000000000011
2021-03-25,1.8339999999999996
2021-03-26,2.3099999999999987
2021-03-27,2.466000000000001
2021-03-28,1.8969999999999985
2021-03-29,1.6660000000000004
2021-03-30,1.8640000000000008
2021-03-31,1.7880000000000003
2021-04-01,1.6699999999999982
2021-04-02,1.5159999999999982
2021-04-03,1.5650000000000013
2021-04-04,1.5380000000000003
2021-04-05,1.4480000000000004
2021-04-06,1.4860000000000007
2021-04-07,1.5899999999999999
2021-04-08,2.154
2021-04-09,2.7459999999999987
2021-04-10,2.972999999999999
2021-04-11,3.062999999999999
2021-04-12,3.187000000000001
2021-04-13,3.4229999999999983
2021-04-14,3.3900000000000006
2021-04-15,3.414999999999999
2021-04-16,3.408999999999999
2021-04-17,3.3709999999999987
2021-04-18,3.2659999999999982
2021-04-19,3.2070000000000007
2021-04-20,3.0749999999999993
2021-04-21,3.3949999999999996
2021-04-22,3.539999999999999
2021-04-23,3.5549999999999997
2021-04-24,3.4890000000000008
2021-04-25,3.526
2021-04-26,3.536999999999999
2021-04-27,3.440999999999999
2021-04-28,4.221
2021-04-29,4.972000000000001
2021-04-30,5.137999999999998
2021-05-01,5.199999999999999
2021-05-02,5.271000000000001
2021-05-03,4.7429999999999986
2021-05-04,5.018999999999998
2021-05-05,4.898
2021-05-06,5.164999999999999
2021-05-07,5.494
2021-05-08,5.730999999999998
2021-05-09,5.911999999999999
2021-05-10,6.015000000000001
2021-05-11,6.004999999999999
2021-05-12,6.335000000000001
2021-05-13,6.791
2021-05-14,6.715
2021-05-15,6.884
2021-05-16,7.297000000000001
2021-05-17,8.562999999999999
2021-05-18,10.113
2021-05-19,10.185
2021-05-20,9.722999999999999
2021-05-21,9.996
2021-05-22,11.219
2021-05-23,11.542
2021-05-24,13.411
2021-05-25,13.445
2021-05-26,12.767999999999999
2021-05-27,13.318999999999999
2021-05-28,13.086
2021-05-29,13.548
2021-05-30,14.363
2021-05-31,15.202
2021-06-01,15.297
2021-06-02,15.535
2021-06-03,16.003
2021-06-04,16.180999999999997
2021-06-05,17.396
2021-06-06,17.899
2021-06-07,19.095
2021-06-08,19.27
2021-06-09,20.87
2021-06-10,21.566
2021-06-11,21.35
2021-06-12,20.716
2021-06-13,20.128
2021-06-14,19.698999999999998
2021-06-15,19.645
2021-06-16,19.505
2021-06-17,19.278
2021-06-18,19.106
2021-06-19,19.006999999999998
2021-06-20,18.951999999999998
2021-06-21,18.398
2021-06-22,18.207
2021-06-23,18.158
2021-06-24,18.143
2021-06-25,18.234
2021-06-26,19.5
2021-06-27,20.022
2021-06-28,20.289
2021-06-29,20.367
2021-06-30,20.442
2021-07-01,20.469
2021-07-02,20.509
2021-07-03,20.707
2021-07-04,20.878
2021-07-05,20.874
2021-07-06,21.524
2021-07-07,20.988
2021-07-08,20.157
2021-07-09,20.062
2021-07-10,20.634999999999998
2021-07-11,21.088
2021-07-12,21.249
2021-07-13,21.377
2021-07-14,21.297
2021-07-15,21.719
2021-07-16,21.682
2021-07-17,21.876
2021-07-18,22.1
2021-07-19,22.162
2021-07-20,21.977
2021-07-21,21.818
2021-07-22,21.389
2021-07-23,21.126
2021-07-24,21.166
2021-07-25,21.233
2021-07-26,21.353
2021-07-27,21.415
2021-07-28,21.472
2021-07-29,21.416
2021-07-30,21.203
2021-07-31,20.737000000000002
2021-08-01,20.822
2021-08-02,20.959
2021-08-03,20.941
2021-08-04,20.828
2021-08-05,21.046
2021-08-06,22.685
2021-08-07,22.606
2021-08-08,22.522
2021-08-09,22.329
2021-08-10,22.323999999999998
2021-08-11,22.653
2021-08-12,23.189
2021-08-13,23.208
2021-08-14,23.216
2021-08-15,23.119
2021-08-16,23.04
2021-08-17,22.984
2021-08-18,23.313
2021-08-19,23.49
2021-08-20,23.664
2021-08-21,24.158
2021-08-22,24.529
2021-08-23,24.656
2021-08-24,24.602
2021-08-25,24.61
2021-08-26,24.787
2021-08-27,24.772
2021-08-28,24.506
2021-08-29,23.575
2021-08-30,23.239
2021-08-31,22.943
2021-09-01,22.674
2021-09-02,21.858
2021-09-03,21.582
2021-09-04,21.44
2021-09-05,21.418
2021-09-06,21.103
2021-09-07,20.785
2021-09-08,20.532
2021-09-09,20.488
2021-09-10,20.448999999999998
2021-09-11,20.332
2021-09-12,20.284
2021-09-13,20.361
2021-09-14,20.224
2021-09-15,20.083
2021-09-16,20.101
2021-09-17,20.123
2021-09-18,20.171
2021-09-19,20.1
2021-09-20,20.048000000000002
2021-09-21,20.09
2021-09-22,20.124
2021-09-23,18.671
2021-09-24,18.171
2021-09-25,17.875999999999998
2021-09-26,17.484
2021-09-27,17.267
2021-09-28,17.48
2021-09-29,17.4
2021-09-30,17.276
2021-10-01,17.003
2021-10-02,16.622
2021-10-03,16.746000000000002
2021-10-04,16.613
2021-10-05,16.898
2021-10-06,17.134
2021-10-07,17.201999999999998
2021-10-08,17.128
2021-10-09,17.06
2021-10-10,17.027
2021-10-11,17.086
2021-10-12,17.016
2021-10-13,17.271
2021-10-14,17.368
2021-10-15,17.356
2021-10-16,17.309
2021-10-17,16.862000000000002
2021-10-18,15.644
2021-10-19,15.377
2021-10-20,15.291
2021-10-21,15.482
2021-10-22,15.565999999999999
2021-10-23,14.695
2021-10-24,14.73
2021-10-25,14.658
2021-10-26,14.709
2021-10-27,14.208
2021-10-28,13.991
2021-10-29,13.797
2021-10-30,13.004
2021-10-31,12.859
2021-11-01,12.051
2021-11-02,11.961
2021-11-03,11.488
2021-11-04,11.309
2021-11-05,11.129
2021-11-06,10.9
2021-11-07,10.901
2021-11-08,11.094999999999999
2021-11-09,11.125
2021-11-10,11.115
2021-11-11,11.116999999999999
2021-11-12,10.905
2021-11-13,10.690999999999999
2021-11-14,10.754999999999999
2021-11-15,10.794
2021-11-16,10.459999999999999
2021-11-17,9.899
2021-11-18,9.747
2021-11-19,9.782
2021-11-20,8.550999999999998
2021-11-21,8.209
2021-11-22,8.161000000000001
2021-11-23,7.936
2021-11-24,7.733999999999998
2021-11-25,7.657
2021-11-26,8
2021-11-27,7.535
2021-11-28,7.251999999999999
2021-11-29,7.033000000000001
2021-11-30,6.649000000000001
2021-12-01,6.809000000000001
2021-12-02,6.442999999999998
2021-12-03,6.465
2021-12-04,6.434000000000001
2021-12-05,6.145
2021-12-06,6.184000000000001
2021-12-07,6.8039999999999985
2021-12-08,6.980999999999998
2021-12-09,7.175999999999998
2021-12-10,7.367000000000001
2021-12-11,7.071999999999999
2021-12-12,6.998999999999999
2021-12-13,7.158000000000001
2021-12-14,7.062999999999999
2021-12-15,7
2021-12-16,7.082999999999998
2021-12-17,7.076999999999998
2021-12-18,6.413
2021-12-19,6.097999999999999
2021-12-20,5.802
2021-12-21,5.759999999999998
2021-12-22,5.494
2021-12-23,5.466000000000001
2021-12-24,5.364000000000001
2021-12-25,4.41
2021-12-26,4.288
2021-12-27,4.198999999999998
2021-12-28,4.343
2021-12-29,4.794999999999998
2021-12-30,6.535
2021-12-31,6.43
2022-01-01,5.690000000000001
2022-01-02,5.523
2022-01-03,5.434999999999999
2022-01-04,5.472000000000001
2022-01-05,5.477999999999998
2022-01-06,3.896000000000001
2022-01-07,4.065999999999999
2022-01-08,4.178000000000001
2022-01-09,3.646000000000001
2022-01-10,4.234999999999999
2022-01-11,4.3679999999999986
2022-01-12,4.507999999999999
2022-01-13,4.3359999999999985
2022-01-14,3.9830000000000005
2022-01-15,4.070999999999998
2022-01-16,3.0199999999999996
2022-01-17,3.0429999999999993
2022-01-18,3.308
2022-01-19,3.0199999999999996
2022-01-20,2.939
2022-01-21,2.997
2022-01-22,2.8979999999999997
2022-01-23,2.853999999999999
2022-01-24,2.8889999999999993
2022-01-25,3.5229999999999997
2022-01-26,2.9879999999999995
2022-01-27,2.7409999999999997
2022-01-28,2.7360000000000007
2022-01-29,4.006999999999998
2022-01-30,2.0060000000000002
2022-01-31,2.059000000000001
2022-02-01,2.317999999999998
2022-02-02,2.3419999999999987
2022-02-03,2.4570000000000007
2022-02-04,3.7089999999999996
2022-02-05,3.414999999999999
2022-02-06,2.655000000000001
2022-02-07,3.375
2022-02-08,3.687000000000001
2022-02-09,3.7729999999999997
2022-02-10,3.596
2022-02-11,3.7070000000000007
2022-02-12,2.6720000000000006
2022-02-13,2.5279999999999987
2022-02-14,2.6129999999999995
2022-02-15,2.41
2022-02-16,0.8780000000000001
2022-02-17,1.152000000000001
2022-02-18,2.1419999999999995
2022-02-19,2.216000000000001
2022-02-20,2.128
2022-02-21,2.6999999999999993
2022-02-22,3.1310000000000002
2022-02-23,3.6529999999999987
2022-02-24,3.2089999999999996
2022-02-25,3.1069999999999993
2022-02-26,0.6769999999999996
2022-02-27,0.32099999999999795
2022-02-28,0.33699999999999974
2022-03-01,0.559000000000001
2022-03-02,0.8900000000000006
2022-03-03,1.0440000000000005
2022-03-04,0.8260000000000005
2022-03-05,0.934000000000001
2022-03-06,1.004999999999999
2022-03-07,0.5039999999999978
2022-03-08,0.3979999999999997
2022-03-09,0.3539999999999992
2022-03-10,0.4559999999999995
2022-03-11,0.657
2022-03-12,0.9349999999999987
2022-03-13,1.1310000000000002
2022-03-14,0.8309999999999995
2022-03-15,0.875
2022-03-16,0.9549999999999983
2022-03-17,0.8339999999999996
2022-03-18,0.7029999999999994
2022-03-19,1.0249999999999986
2022-03-20,1.006999999999998
2022-03-21,0.9749999999999979
2022-03-22,0.8730000000000011
2022-03-23,2.320999999999998
2022-03-24,1.7899999999999991
2022-03-25,1.690999999999999
2022-03-26,1.695999999999998
2022-03-27,1.4190000000000005
2022-03-28,0.3440000000000012
2022-03-29,0.26099999999999923
2022-03-30,0.3509999999999991
2022-03-31,0.4800000000000004
2022-04-01,0.29499999999999815
2022-04-02,0.36100000000000065
2022-04-03,1.8999999999999986
2022-04-04,1.75
2022-04-05,1.600999999999999
2022-04-06,1.4050000000000011
2022-04-07,2.120000000000001
2022-04-08,2.1819999999999986
2022-04-09,1.7429999999999986
2022-04-10,1.788999999999998
2022-04-11,0.7109999999999985
2022-04-12,1.227999999999998
2022-04-13,1.4699999999999989
2022-04-14,1.945999999999998
2022-04-15,1.9839999999999982
2022-04-16,2.137999999999998
2022-04-17,2.2399999999999984
2022-04-18,2.372
2022-04-19,3.035
2022-04-20,2.561
2022-04-21,2.5760000000000005
2022-04-22,2.501999999999999
2022-04-23,2.541999999999998
2022-04-24,2.530999999999999
2022-04-25,2.3739999999999988
2022-04-26,2.774000000000001
2022-04-27,2.817999999999998
2022-04-28,2.8939999999999984
2022-04-29,3.1179999999999986
2022-04-30,3.2360000000000007
2022-05-01,3.187000000000001
2022-05-02,2.853999999999999
2022-05-03,4.247
2022-05-04,4.07
2022-05-05,4.515999999999998
2022-05-06,4.815999999999999
2022-05-07,4.800000000000001
2022-05-08,4.818999999999999
2022-05-09,4.977999999999998
2022-05-10,5.399000000000001
2022-05-11,6.678000000000001
2022-05-12,6.59
2022-05-13,7.2010000000000005
2022-05-14,7.402999999999999
2022-05-15,8.033999999999999
2022-05-16,8.373999999999999
2022-05-17,8.341999999999999
2022-05-18,8.239
2022-05-19,8.015
2022-05-20,7.760999999999999
2022-05-21,7.544999999999998
2022-05-22,7.693999999999999
2022-05-23,7.484999999999999
2022-05-24,7.597999999999999
2022-05-25,7.625
2022-05-26,7.751999999999999
2022-05-27,8.536000000000001
2022-05-28,8.835999999999999
2022-05-29,8.982
2022-05-30,9.665
2022-05-31,15.799999999999999
2022-06-01,15.74
2022-06-02,17.076
2022-06-03,16.915
2022-06-04,16.658
2022-06-05,16.518
2022-06-06,16.216
2022-06-07,15.872
2022-06-08,16.128999999999998
2022-06-09,16.157
2022-06-10,15.994
2022-06-11,16.134999999999998
2022-06-12,16.479
2022-06-13,17.279
2022-06-14,17.316
2022-06-15,17.145
2022-06-16,17.649
2022-06-17,17.773
2022-06-18,17.925
2022-06-19,18.076
2022-06-20,18.152
2022-06-21,18.948
2022-06-22,19.3
2022-06-23,19.570999999999998
2022-06-24,19.692
2022-06-25,19.431
2022-06-26,19.711
2022-06-27,20.322
2022-06-28,20.107
2022-06-29,19.704
2022-06-30,19.228
2022-07-01,19.161
2022-07-02,19.408
2022-07-03,19.397
2022-07-04,19.240000000000002
2022-07-05,19.019
2022-07-06,19.448
2022-07-07,20.062
2022-07-08,20.17
2022-07-09,20.16
2022-07-10,20.075
2022-07-11,19.883
2022-07-12,20.019
2022-07-13,20.483
2022-07-14,20.628
2022-07-15,20.828
2022-07-16,21.188
2022-07-17,22.268
2022-07-18,22.484
2022-07-19,22.733
2022-07-20,22.913
2022-07-21,23.019
2022-07-22,23.257
2022-07-23,23.239
2022-07-24,23.342
2022-07-25,23.669
2022-07-26,23.764
2022-07-27,23.537
2022-07-28,22.756
2022-07-29,22.779
2022-07-30,22.728
2022-07-31,23.094
2022-08-01,23.072
2022-08-02,22.906
2022-08-03,22.698999999999998
2022-08-04,23.084
2022-08-05,23.688
2022-08-06,23.998
2022-08-07,24.223
2022-08-08,24.277
2022-08-09,23.163
2022-08-10,23.015
2022-08-11,22.931
2022-08-12,22.857
2022-08-13,22.926000000000002
2022-08-14,22.969
2022-08-15,22.913
2022-08-16,22.843
2022-08-17,22.789
2022-08-18,23.046
2022-08-19,23.126
2022-08-20,23.26
2022-08-21,23.174
2022-08-22,23.374
2022-08-23,23.464
2022-08-24,23.51
2022-08-25,23.03
2022-08-26,22.761
2022-08-27,22.849
2022-08-28,22.818
2022-08-29,22.729
2022-08-30,22.554
2022-08-31,22.267
2022-09-01,22.053
2022-09-02,21.861
2022-09-03,21.818
2022-09-04,21.731
2022-09-05,21.72
2022-09-06,21.698
2022-09-07,21.738
2022-09-08,21.622
2022-09-09,21.677
2022-09-10,21.891
2022-09-11,21.992
2022-09-12,22.088
2022-09-13,22.037
2022-09-14,21.661
2022-09-15,21.46
2022-09-16,21.409
2022-09-17,20.625
2022-09-18,19.983
2022-09-19,20.073999999999998
2022-09-20,19.52
2022-09-21,19.485
2022-09-22,19.492
2022-09-23,19.61
2022-09-24,18.823
2022-09-25,18.53
2022-09-26,18.043
2022-09-27,17.45
2022-09-28,17.279
2022-09-29,17.022
2022-09-30,17.546
2022-10-01,17.498
2022-10-02,17.332
2022-10-03,17.093
2022-10-04,16.909
2022-10-05,16.734
2022-10-06,16.486
2022-10-07,16.422
2022-10-08,15.629999999999999
2022-10-09,15.190999999999999
2022-10-10,14.982
2022-10-11,14.812
2022-10-12,15.014
2022-10-13,14.988999999999999
2022-10-14,14.486
2022-10-15,14.634
2022-10-16,14.531
2022-10-17,13.5
2022-10-18,13.439
2022-10-19,13.163
2022-10-20,12.747
2022-10-21,12.177999999999999
2022-10-22,12.57
2022-10-23,12.727
2022-10-24,13.28
2022-10-25,12.672
2022-10-26,12.576
2022-10-27,12.573
2022-10-28,12.382
2022-10-29,12.339
2022-10-30,12.153
2022-10-31,12.148
2022-11-01,12.056
2022-11-02,11.674999999999999
2022-11-03,11.455
2022-11-04,11.411
2022-11-05,11.706999999999999
2022-11-06,11.504999999999999
2022-11-07,11.515
2022-11-08,11.407
2022-11-09,11.057
2022-11-10,10.940999999999999
2022-11-11,11.794
2022-11-12,11.884
2022-11-13,11.456999999999999
2022-11-14,10.866
2022-11-15,10.855
2022-11-16,10.453999999999999
2022-11-17,9.86
2022-11-18,9.057
2022-11-19,8.800999999999998
2022-11-20,8.283999999999999
2022-11-21,8.16
2022-11-22,7.843
2022-11-23,7.672000000000001
2022-11-24,7.701999999999998
2022-11-25,7.991
2022-11-26,7.972000000000001
2022-11-27,8.332
2022-11-28,8.308
2022-11-29,8.227
2022-11-30,6.163999999999998
2022-12-01,5.913
2022-12-02,6.361000000000001
2022-12-03,6.4510000000000005
2022-12-04,6.236000000000001
2022-12-05,6.145
2022-12-06,5.914999999999999
2022-12-07,6.407
2022-12-08,5.939
2022-12-09,5.291999999999998
2022-12-10,5.230999999999998
2022-12-11,5.361999999999998
2022-12-12,4.710000000000001
2022-12-13,4.57
2022-12-14,4.565999999999999
2022-12-15,4.5760000000000005
2022-12-16,4.6469999999999985
2022-12-17,4.209
2022-12-18,4.131999999999998
2022-12-19,4.754999999999999
2022-12-20,4.776
2022-12-21,4.736000000000001
2022-12-22,4.992000000000001
2022-12-23,5.105999999999998
2022-12-24,4.027000000000001
2022-12-25,3.943999999999999
2022-12-26,4.248999999999999
2022-12-27,2.1630000000000003
2022-12-28,2.3919999999999995
2022-12-29,2.6409999999999982
2022-12-30,2.6849999999999987
2022-12-31,3.160999999999998
2023-01-01,3.0869999999999997
2023-01-02,3.0869999999999997
2023-01-03,2.5599999999999987
2023-01-04,2.6999999999999993
2023-01-05,2.91
2023-01-06,2.812999999999999
2023-01-07,2.748000000000001
2023-01-08,2.628999999999998
2023-01-09,2.655999999999999
2023-01-10,2.664999999999999
2023-01-11,2.655999999999999
2023-01-12,3.1179999999999986
2023-01-13,3.134999999999998
2023-01-14,3.3419999999999987
2023-01-15,3.3470000000000013
2023-01-16,3.34
2023-01-17,3.529
2023-01-18,3.629999999999999
2023-01-19,3.835000000000001
2023-01-20,3.9239999999999995
2023-01-21,3.771000000000001
2023-01-22,3.881999999999998
2023-01-23,3.9130000000000003
2023-01-24,4.215
2023-01-25,4.009
2023-01-26,3.535999999999998
2023-01-27,3.103999999999999
2023-01-28,3.1260000000000012
2023-01-29,2.948999999999998
2023-01-30,2.7369999999999983
2023-01-31,2.3689999999999998
2023-02-01,2.291999999999998
2023-02-02,2.2959999999999994
2023-02-03,2.4080000000000013
2023-02-04,2.274000000000001
2023-02-05,3.006999999999998
2023-02-06,2.948999999999998
2023-02-07,2.6900000000000013
2023-02-08,2.530000000000001
2023-02-09,2.225999999999999
2023-02-10,1.902000000000001
2023-02-11,1.4639999999999986
2023-02-12,1.4770000000000003
2023-02-13,1.5569999999999986
2023-02-14,1.536999999999999
2023-02-15,1.1769999999999996
2023-02-16,1.3249999999999993
2023-02-17,1.4749999999999979
2023-02-18,1.5330000000000013
2023-02-19,2.1660000000000004
2023-02-20,1.980999999999998
2023-02-21,2.009999999999998
2023-02-22,2.184000000000001
2023-02-23,2.085000000000001
2023-02-24,1.9269999999999996
2023-02-25,0.7789999999999999
2023-02-26,0.4059999999999988
2023-02-27,0.472999999999999
2023-02-28,0.34199999999999875
2023-03-01,0.1769999999999996
2023-03-02,-0.08800000000000097
2023-03-03,0.045999999999999375
2023-03-04,0.41199999999999903
2023-03-05,0.5229999999999997
2023-03-06,0.4989999999999988
2023-03-07,0.41600000000000037
2023-03-08,0.41999999999999815
2023-03-09,0.43599999999999994
2023-03-10,0.6509999999999998
2023-03-11,0.6810000000000009
2023-03-12,0.3460000000000001
2023-03-13,0.4839999999999982
2023-03-14,0.6179999999999986
2023-03-15,0.8539999999999992
2023-03-16,1.131999999999998
2023-03-17,1.3350000000000009
2023-03-18,0.7839999999999989
2023-03-19,0.4819999999999993
2023-03-20,0.352999999999998
2023-03-21,0.6340000000000003
2023-03-22,0.7079999999999984
2023-03-23,0.8060000000000009
2023-03-24,0.9139999999999979
2023-03-25,0.777000000000001
2023-03-26,0.7710000000000008
2023-03-27,0.9130000000000003
2023-03-28,1.0159999999999982
2023-03-29,1.0730000000000004
2023-03-30,1.2369999999999983
2023-03-31,1.088000000000001
2023-04-01,0.9759999999999991
2023-04-02,0.843
2023-04-03,0.7949999999999982
2023-04-04,0.8140000000000001
2023-04-05,1.439
2023-04-06,1.6080000000000005
2023-04-07,1.529
2023-04-08,0.9959999999999987
2023-04-09,0.6170000000000009
2023-04-10,0.6189999999999998
2023-04-11,0.7369999999999983
2023-04-12,0.8640000000000008
2023-04-13,1.620000000000001
2023-04-14,3.9259999999999984
2023-04-15,4.244
2023-04-16,4.222000000000001
2023-04-17,4.155999999999999
2023-04-18,4.013999999999999
2023-04-19,2.855999999999998
2023-04-20,2.8709999999999987
2023-04-21,2.875
2023-04-22,3.875
2023-04-23,2.376999999999999
2023-04-24,2.396000000000001
2023-04-25,2.631999999999998
2023-04-26,3.029
2023-04-27,3.0889999999999986
2023-04-28,3.067999999999998
2023-04-29,3.1580000000000013
2023-04-30,3.178000000000001
2023-05-01,2.597999999999999
2023-05-02,3.2940000000000005
2023-05-03,3.7639999999999993
2023-05-04,4.0760000000000005
2023-05-05,4.683
2023-05-06,5.021000000000001
2023-05-07,5.103999999999999
2023-05-08,5.565999999999999
2023-05-09,5.754999999999999
2023-05-10,6.282
2023-05-11,6.460000000000001
2023-05-12,7.445999999999998
2023-05-13,9.215
2023-05-14,8.532
2023-05-15,8.274999999999999
2023-05-16,7.666
2023-05-17,7.535
2023-05-18,7.670999999999999
2023-05-19,7.702999999999999
2023-05-20,7.707000000000001
2023-05-21,8.084
2023-05-22,8.687999999999999
2023-05-23,11.796
2023-05-24,12.043
2023-05-25,12.297
2023-05-26,12.843
2023-05-27,13.503
2023-05-28,13.817
2023-05-29,13.924999999999999
2023-05-30,13.981
2023-05-31,14.376
2023-06-01,17.667
2023-06-02,19.789
2023-06-03,19.811
2023-06-04,19.823999999999998
2023-06-05,19.542
2023-06-06,18.567999999999998
2023-06-07,17.886
2023-06-08,17.23
2023-06-09,16.591
2023-06-10,15.863999999999999
2023-06-11,15.715
2023-06-12,15.613
2023-06-13,15.241999999999999
2023-06-14,15.557
2023-06-15,16.192999999999998
2023-06-16,16.311
2023-06-17,17.559
2023-06-18,18.286
2023-06-19,18.844
2023-06-20,19.236
2023-06-21,19.712
2023-06-22,19.875
2023-06-23,20.091
2023-06-24,20.375
2023-06-25,21.522
2023-06-26,21.516
2023-06-27,21.320999999999998
2023-06-28,20.198
2023-06-29,20.644
2023-06-30,20.853
2023-07-01,21.092
2023-07-02,21.29
2023-07-03,23.068
2023-07-04,23.754
2023-07-05,23.929
2023-07-06,24.093
2023-07-07,24.07
2023-07-08,23.878
2023-07-09,23.02
2023-07-10,23.116
2023-07-11,23.096
2023-07-12,23.083
2023-07-13,23.093
2023-07-14,23.109
2023-07-15,22.194
2023-07-16,22.255
2023-07-17,22.316
2023-07-18,22.507
2023-07-19,22.391
2023-07-20,22.418
2023-07-21,22.61
2023-07-22,22.59
2023-07-23,22.626
2023-07-24,23.037
2023-07-25,23.425
2023-07-26,23.742
2023-07-27,24.316
2023-07-28,24.295
2023-07-29,24.07
2023-07-30,23.735
2023-07-31,23.445
2023-08-01,23.01
2023-08-02,22.762999999999998
2023-08-03,22.715
2023-08-04,22.697
2023-08-05,22.718
2023-08-06,22.774
2023-08-07,22.517
2023-08-08,22.348
2023-08-09,22.257
2023-08-10,22.096
2023-08-11,21.945999999999998
2023-08-12,21.962
2023-08-13,21.919
2023-08-14,21.967
2023-08-15,22.145
2023-08-16,22.286
2023-08-17,22.724
2023-08-18,22.464
2023-08-19,21.835
2023-08-20,21.872
2023-08-21,21.958
2023-08-22,21.901
2023-08-23,21.666
2023-08-24,21.674
2023-08-25,21.499
2023-08-26,21.277
2023-08-27,21.095
2023-08-28,20.957
2023-08-29,20.935
2023-08-30,20.783
2023-08-31,20.461
2023-09-01,20.272
2023-09-02,20.301000000000002
2023-09-03,20.942
2023-09-04,20.973
2023-09-05,21.195999999999998
2023-09-06,21.618
2023-09-07,21.881
2023-09-08,21.86
2023-09-09,21.598
2023-09-10,20.544
2023-09-11,20.65
2023-09-12,20.817999999999998
2023-09-13,20.005
2023-09-14,19.88
2023-09-15,19.812
2023-09-16,19.834
2023-09-17,19.926000000000002
2023-09-18,19.703
2023-09-19,19.448999999999998
2023-09-20,19.320999999999998
2023-09-21,19.284
2023-09-22,19.464
2023-09-23,19.567999999999998
2023-09-24,19.519
2023-09-25,19.442
2023-09-26,19.177
2023-09-27,18.558
2023-09-28,18.516
2023-09-29,18.151
2023-09-30,18.125
2023-10-01,18.701
2023-10-02,18.917
2023-10-03,19.151
2023-10-04,19.557
2023-10-05,19.691
2023-10-06,19.522
2023-10-07,18.991
2023-10-08,18.174
2023-10-09,17.147
2023-10-10,16.155
2023-10-11,15.644
2023-10-12,15.368
2023-10-13,15.343
2023-10-14,14.977
2023-10-15,14.73
2023-10-16,14.416
2023-10-17,13.916
2023-10-18,13.6
2023-10-19,13.417
2023-10-20,13.107
2023-10-21,12.881
2023-10-22,12.642
2023-10-23,12.544
2023-10-24,12.567
2023-10-25,12.713
2023-10-26,13.116
2023-10-27,13.001999999999999
2023-10-28,13.013
2023-10-29,12.908
2023-10-30,12.49
2023-10-31,12.289
2023-11-01,12.132
2023-11-02,11.87
2023-11-03,11.603
2023-11-04,11.184
2023-11-05,11.222999999999999
2023-11-06,11.076
2023-11-07,11.013
2023-11-08,10.849
2023-11-09,10.794
2023-11-10,10.097
2023-11-11,9.916
2023-11-12,9.668
2023-11-13,9.54
2023-11-14,9.401
2023-11-15,9.301
2023-11-16,9.151
2023-11-17,8.41
2023-11-18,8.652999999999999
2023-11-19,8.498000000000001
2023-11-20,8.401
2023-11-21,8.271999999999998
2023-11-22,8.419
2023-11-23,7.190999999999999
2023-11-24,7.149000000000001
2023-11-25,7.120000000000001
2023-11-26,7.43
2023-11-27,7.343
2023-11-28,7.341999999999999
2023-11-29,6.7620000000000005
2023-11-30,6.5489999999999995
2023-12-01,6.131
2023-12-02,5.991
2023-12-03,6.245000000000001
2023-12-04,6.404
2023-12-05,6.48
2023-12-06,7.343
2023-12-07,6.896000000000001
2023-12-08,6.759
2023-12-09,6.792999999999999
2023-12-10,6.779
2023-12-11,6.6129999999999995
2023-12-12,6.416
2023-12-13,5.957000000000001
2023-12-14,5.587
2023-12-15,5.658000000000001
2023-12-16,5.866
2023-12-17,6.137999999999998
2023-12-18,5.422999999999998
2023-12-19,5.353999999999999
2023-12-20,5.056999999999999
2023-12-21,5.262999999999998
2023-12-22,5.297999999999998
2023-12-23,5.126999999999999
2023-12-24,5.152999999999999
2023-12-25,6.070999999999998
2023-12-26,6.137999999999998
2023-12-27,6.100999999999999
2023-12-28,5.969000000000001
2023-12-29,5.545999999999999
2023-12-30,5.390999999999998
2023-12-31,5.530000000000001
2024-01-01,5.832999999999998
2024-01-02,5.462
2024-01-03,5.596
2024-01-04,5.933
2024-01-05,5.998999999999999
2024-01-06,5.939
2024-01-07,6.216999999999999
2024-01-08,6.178000000000001
2024-01-09,5.3580000000000005
2024-01-10,3.718
2024-01-11,3.7940000000000005
2024-01-12,3.6099999999999994
2024-01-13,3.597999999999999
2024-01-14,3.686
2024-01-15,3.370000000000001
2024-01-16,3.242000000000001
2024-01-17,3.004999999999999
2024-01-18,3.158999999999999
2024-01-19,3.0139999999999993
2024-01-20,2.419999999999998
2024-01-21,2.378999999999998
2024-01-22,2.007999999999999
2024-01-23,2.3949999999999996
2024-01-24,2.5169999999999995
2024-01-25,2.1129999999999995
2024-01-26,2.2779999999999987
2024-01-27,1.355999999999998
2024-01-28,2.669999999999998
2024-01-29,2.9029999999999987
2024-01-30,3.1759999999999984
2024-01-31,3.0169999999999995
2024-02-01,3.012999999999998
2024-02-02,2.067999999999998
2024-02-03,1.7079999999999984
2024-02-04,1.634999999999998
2024-02-05,1.5839999999999996
2024-02-06,1.8019999999999996
2024-02-07,2.3000000000000007
2024-02-08,2.687000000000001
2024-02-09,2.4929999999999986
2024-02-10,2.4909999999999997
2024-02-11,2.442
2024-02-12,2.468
2024-02-13,1.8389999999999986
2024-02-14,1.879999999999999
2024-02-15,2.149000000000001
2024-02-16,2.475999999999999
2024-02-17,2.811
2024-02-18,2.724999999999998
2024-02-19,2.4349999999999987
2024-02-20,2.498000000000001
2024-02-21,1.8520000000000003
2024-02-22,1.8960000000000008
2024-02-23,1.916999999999998
2024-02-24,1.5500000000000007
2024-02-25,1.1660000000000004
2024-02-26,1.5599999999999987
2024-02-27,2.027000000000001
2024-02-28,2.3099999999999987
2024-02-29,2.3389999999999986
2024-03-01,2.186
2024-03-02,1.3649999999999984
2024-03-03,1.318999999999999
2024-03-04,1.434000000000001
2024-03-05,1.4890000000000008
2024-03-06,1.2629999999999981
2024-03-07,1.7809999999999988
2024-03-08,1.791999999999998
2024-03-09,1.9540000000000006
2024-03-10,1.5219999999999985
2024-03-11,1.631999999999998
2024-03-12,1.6829999999999998
2024-03-13,1.884999999999998
2024-03-14,1.9009999999999998
2024-03-15,1.6509999999999998
2024-03-16,1.754999999999999
2024-03-17,1.8039999999999985
2024-03-18,1.8359999999999985
2024-03-19,2.4549999999999983
2024-03-20,1.445999999999998
2024-03-21,1.0249999999999986
2024-03-22,1.1209999999999987
2024-03-23,1.1829999999999998
2024-03-24,1.4789999999999992
2024-03-25,2.8369999999999997
2024-03-26,3.184000000000001
2024-03-27,2.3679999999999986
2024-03-28,1.902000000000001
2024-03-29,1.6469999999999985
2024-03-30,1.666999999999998
2024-03-31,1.7010000000000005
2024-04-01,1.7910000000000004
2024-04-02,1.509999999999998
2024-04-03,2.291999999999998
2024-04-04,2.4269999999999996
2024-04-05,2.251999999999999
2024-04-06,2.16
2024-04-07,2.280000000000001
2024-04-08,2.259999999999998
2024-04-09,2.3969999999999985
2024-04-10,2.6709999999999994
2024-04-11,2.3679999999999986
2024-04-12,2.6149999999999984
2024-04-13,2.7360000000000007
2024-04-14,3.5500000000000007
2024-04-15,3.8099999999999987
2024-04-16,3.6449999999999996
2024-04-17,3.628999999999998
2024-04-18,3.696999999999999
2024-04-19,3.5470000000000006
2024-04-20,4.067
2024-04-21,4.210000000000001
2024-04-22,4.216999999999999
2024-04-23,4.215
2024-04-24,4.2989999999999995
2024-04-25,4.347999999999999
2024-04-26,4.416
2024-04-27,4.402999999999999
2024-04-28,4.509
2024-04-29,4.780999999999999
2024-04-30,5.3359999999999985
2024-05-01,5.231999999999999
2024-05-02,5.193999999999999
2024-05-03,5.1370000000000005
2024-05-04,6.158999999999999
2024-05-05,6.530000000000001
2024-05-06,6.669999999999998
2024-05-07,9.705
2024-05-08,9.346
2024-05-09,9.703999999999999
2024-05-10,9.918
2024-05-11,10.166
2024-05-12,11.328999999999999
2024-05-13,11.624
2024-05-14,11.837
2024-05-15,11.921
2024-05-16,11.895999999999999
2024-05-17,11.786999999999999
2024-05-18,12.26
2024-05-19,14.629
2024-05-20,15.44
2024-05-21,15.387
2024-05-22,15.658999999999999
2024-05-23,16.177
2024-05-24,16.086
2024-05-25,15.802
2024-05-26,15.49
2024-05-27,15.372
2024-05-28,15.696
2024-05-29,15.696
2024-05-30,15.597
2024-05-31,15.459
2024-06-01,15.334999999999999
2024-06-02,15.445
2024-06-03,17.929000000000002
2024-06-04,18.099
2024-06-05,18.779
2024-06-06,19.262999999999998
2024-06-07,19.573
2024-06-08,18.109
2024-06-09,16.895
2024-06-10,16.761
2024-06-11,16.792
2024-06-12,16.897
2024-06-13,16.866999999999997
2024-06-14,17.021
2024-06-15,17.857
2024-06-16,18.795
2024-06-17,19.326
2024-06-18,19.593
2024-06-19,19.83
2024-06-20,17.834
2024-06-21,17.508
2024-06-22,19.06
2024-06-23,17.636
2024-06-24,17.867
2024-06-25,17.832
2024-06-26,19.269
2024-06-27,18.878
2024-06-28,19.176000000000002
2024-06-29,19.108
2024-06-30,19.119
2024-07-01,19.328
2024-07-02,19.41
2024-07-03,19.41
2024-07-04,19.511
2024-07-05,20.407
2024-07-06,21.302
2024-07-07,21.628
2024-07-08,21.483
2024-07-09,21.397
2024-07-10,21.744
2024-07-11,22.454
2024-07-12,22.329
2024-07-13,22.514
2024-07-14,22.653
2024-07-15,23.103
2024-07-16,23.137
2024-07-17,22.894
2024-07-18,22.819
2024-07-19,22.772
2024-07-20,22.444
2024-07-21,22.467
2024-07-22,22.518
2024-07-23,22.548000000000002
2024-07-24,22.413
2024-07-25,22.439
2024-07-26,22.625
2024-07-27,22.879
2024-07-28,22.897
2024-07-29,23.047
2024-07-30,23.701
2024-07-31,24.322
2024-08-01,24.371
2024-08-02,24.523
2024-08-03,24.824
2024-08-04,25.239
2024-08-05,24.809
2024-08-06,24.552
2024-08-07,24.289
2024-08-08,23.867
2024-08-09,23.287
2024-08-10,23.04
2024-08-11,23.028
2024-08-12,23.091
2024-08-13,22.624
2024-08-14,22.922
2024-08-15,23.03
2024-08-16,23.146
2024-08-17,23.127
2024-08-18,22.375
2024-08-19,21.851
2024-08-20,21.368
2024-08-21,20.962
2024-08-22,20.789
2024-08-23,20.905
2024-08-24,21.266
2024-08-25,21.478
2024-08-26,21.394
2024-08-27,21.478
2024-08-28,21.323999999999998
2024-08-29,21.631
2024-08-30,21.82
2024-08-31,21.982
2024-09-01,21.975
2024-09-02,21.756
2024-09-03,20.306
2024-09-04,19.749
2024-09-05,19.751
2024-09-06,19.775
2024-09-07,19.31
2024-09-08,18.435
2024-09-09,18.207
2024-09-10,18.289
2024-09-11,18.320999999999998
2024-09-12,18.614
2024-09-13,18.836
2024-09-14,18.895
2024-09-15,20.261
2024-09-16,20.489
2024-09-17,21.038
2024-09-18,20.738
2024-09-19,20.963
2024-09-20,21.047
2024-09-21,21.14
2024-09-22,21.066
2024-09-23,20.692
2024-09-24,20.323999999999998
2024-09-25,19.35
2024-09-26,19.908
2024-09-27,19.414
2024-09-28,19.298000000000002
2024-09-29,19.083
2024-09-30,19.063
2024-10-01,18.948
2024-10-02,18.866
2024-10-03,19.029
2024-10-04,18.837
2024-10-05,18.448
2024-10-06,18.1
2024-10-07,18.027
2024-10-08,17.417
2024-10-09,16.72
2024-10-10,15.838
2024-10-11,15.609
2024-10-12,15.599
2024-10-13,15.639
2024-10-14,15.883
2024-10-15,14.17
2024-10-16,13.947
2024-10-17,13.844
2024-10-18,13.897
2024-10-19,13.921
2024-10-20,13.972
2024-10-21,14.118
2024-10-22,14.161
2024-10-23,14.118
2024-10-24,14.141
2024-10-25,13.782
2024-10-26,13.491
2024-10-27,13.302999999999999
2024-10-28,13.128
2024-10-29,12.843
2024-10-30,12.552999999999999
2024-10-31,12.725999999999999
2024-11-01,12.341
2024-11-02,12.073
2024-11-03,12.045
2024-11-04,11.747
2024-11-05,11.963
2024-11-06,12.327
2024-11-07,11.724
2024-11-08,11.692
2024-11-09,11.456999999999999
2024-11-10,11.605
2024-11-11,11.523
2024-11-12,11.327
2024-11-13,10.931
2024-11-14,10.033999999999999
2024-11-15,9.977
2024-11-16,9.934
2024-11-17,9.67
2024-11-18,9.577
2024-11-19,9.7
2024-11-20,9.869
2024-11-21,9.921999999999999
2024-11-22,9.504999999999999
2024-11-23,9.279
2024-11-24,9.222999999999999
2024-11-25,9.360999999999999
2024-11-26,9.459999999999999
2024-11-27,9.437
2024-11-28,8.198
2024-11-29,8.178
2024-11-30,5.911000000000001
2024-12-01,6.355999999999998
2024-12-02,6.126999999999999
2024-12-03,5.512999999999998
2024-12-04,5.344999999999999
2024-12-05,5.041
2024-12-06,4.629999999999999
2024-12-07,5.904
2024-12-08,5.780000000000001
2024-12-09,5.9879999999999995
2024-12-10,5.489999999999998
2024-12-11,5.035999999999998
2024-12-12,4.745000000000001
2024-12-13,3.7609999999999992
2024-12-14,3.029
2024-12-15,3.16
2024-12-16,3.870000000000001
2024-12-17,3.649000000000001
2024-12-18,3.2040000000000006
2024-12-19,3.2349999999999994
2024-12-20,3.1789999999999985
2024-12-21,3.099
2024-12-22,3.1849999999999987
2024-12-23,3.004999999999999
2024-12-24,2.1340000000000003
2024-12-25,2.6260000000000012
2024-12-26,2.820999999999998
2024-12-27,4.68
2024-12-28,4.693999999999999
2024-12-29,5.1789999999999985
2024-12-30,5.227
2024-12-31,5.09
2025-01-01,2.7650000000000006
2025-01-02,2.998000000000001
2025-01-03,3.564
2025-01-04,3.294999999999998
2025-01-05,3.0500000000000007
2025-01-06,2.651
2025-01-07,2.811
2025-01-08,2.9130000000000003
2025-01-09,3.0229999999999997
2025-01-10,2.969000000000001
2025-01-11,2.853999999999999
2025-01-12,1.4059999999999988
2025-01-13,1.2240000000000002
2025-01-14,1.0919999999999987
2025-01-15,1.8299999999999983
2025-01-16,0.5910000000000011
2025-01-17,1.7040000000000006
2025-01-18,1.9229999999999983
2025-01-19,2.1419999999999995
2025-01-20,2.914999999999999
2025-01-21,1.6099999999999994
2025-01-22,0.809000000000001
2025-01-23,0.6789999999999985
2025-01-24,0.6929999999999978
2025-01-25,0.6089999999999982
2025-01-26,1.9469999999999992
2025-01-27,1.847999999999999
2025-01-28,1.7629999999999981
2025-01-29,1.5399999999999991
2025-01-30,1.3499999999999979
2025-01-31,1.4059999999999988
2025-02-01,1.5039999999999978
2025-02-02,1.7339999999999982
2025-02-03,1.7910000000000004
2025-02-04,-0.17099999999999937
2025-02-05,2.0459999999999994
2025-02-06,3.3930000000000007
2025-02-07,3.634999999999998
2025-02-08,3.759999999999998
2025-02-09,3.686
2025-02-10,3.5650000000000013
2025-02-11,0.6009999999999991
2025-02-12,0.1269999999999989
2025-02-13,-0.347999999999999
2025-02-14,-0.5809999999999995
2025-02-15,-1.6110000000000007
2025-02-16,-1.7330000000000005
2025-02-17,-1.777000000000001
2025-02-18,-0.907
2025-02-19,-0.968
2025-02-20,-0.8820000000000014
2025-02-21,-0.8940000000000019
2025-02-22,-0.843
2025-02-23,0.05799999999999983
2025-02-24,0.18999999999999773
2025-02-25,0.1460000000000008
2025-02-26,0.05999999999999872
2025-02-27,-0.02500000000000213
2025-02-28,0.5999999999999979
2025-03-01,-0.4710000000000001
2025-03-02,-0.8300000000000018
2025-03-03,-0.8509999999999991
2025-03-04,-0.745000000000001
2025-03-05,-0.45800000000000196
2025-03-06,-0.3019999999999996
2025-03-07,0.254999999999999
2025-03-08,0.5969999999999978
2025-03-09,0.5440000000000005
2025-03-10,0.661999999999999
2025-03-11,0.6539999999999999
2025-03-12,-0.13100000000000023
2025-03-13,-0.1999999999999993
2025-03-14,0.16499999999999915
2025-03-15,-0.06899999999999906
2025-03-16,0.6020000000000003
2025-03-17,1.1409999999999982
2025-03-18,0.9899999999999984
2025-03-19,0.7300000000000004
2025-03-20,0.7669999999999995
2025-03-21,0.620000000000001
2025-03-22,0.19500000000000028
2025-03-23,0.3329999999999984
2025-03-24,0.6089999999999982
2025-03-25,0.5150000000000006
2025-03-26,0.5620000000000012
2025-03-27,0.6050000000000004
2025-03-28,0.6379999999999981
2025-03-29,0.7420000000000009
2025-03-30,1.0899999999999999
2025-03-31,0.6890000000000001
2025-04-01,0.9199999999999982
2025-04-02,0.684000000000001
2025-04-03,0.9399999999999977
2025-04-04,0.9540000000000006
2025-04-05,0.9039999999999999
2025-04-06,0.9959999999999987
2025-04-07,0.7079999999999984
2025-04-08,0.7800000000000011
2025-04-09,0.843
2025-04-10,0.3099999999999987
2025-04-11,0.8189999999999991
2025-04-12,0.9839999999999982
2025-04-13,0.9710000000000001
2025-04-14,0.852999999999998
2025-04-15,1.1460000000000008
2025-04-16,1.9299999999999997
2025-04-17,2.0779999999999994
2025-04-18,1.8399999999999999
2025-04-19,1.527000000000001
2025-04-20,1.3900000000000006
2025-04-21,1.7779999999999987
2025-04-22,1.936
2025-04-23,2.088000000000001
2025-04-24,2.0760000000000005
2025-04-25,1.9130000000000003
2025-04-26,2.692
2025-04-27,2.6469999999999985
2025-04-28,2.4869999999999983
2025-04-29,2.588000000000001
2025-04-30,2.602999999999998
2025-05-01,2.5829999999999984
2025-05-02,2.6370000000000005
2025-05-03,2.873000000000001
2025-05-04,2.8909999999999982
2025-05-05,2.9770000000000003
2025-05-06,3.059000000000001
2025-05-07,3.567
2025-05-08,3.820999999999998
2025-05-09,3.5509999999999984
2025-05-10,3.4269999999999996
2025-05-11,3.3939999999999984
2025-05-12,3.434000000000001
2025-05-13,3.4319999999999986
2025-05-14,3.9130000000000003
2025-05-15,4.9239999999999995
2025-05-16,4.4879999999999995
2025-05-17,4.832999999999998
2025-05-18,4.881
2025-05-19,5.023
2025-05-20,5.07
2025-05-21,5.007999999999999
2025-05-22,4.8969999999999985
2025-05-23,4.84
2025-05-24,5.308
2025-05-25,6.5219999999999985
2025-05-26,9.023
2025-05-27,9.477
2025-05-28,9.419
2025-05-29,9.116999999999999
2025-05-30,9.06
2025-05-31,7.379000000000001
2025-06-01,8.291
2025-06-02,8.904
2025-06-03,8.992
2025-06-04,8.527999999999999
2025-06-05,8.536999999999999
2025-06-06,11.067
2025-06-07,11.440999999999999
2025-06-08,11.278
2025-06-09,10.981
2025-06-10,11.238999999999999
2025-06-11,12.110999999999999
2025-06-12,12.115
2025-06-13,11.857
2025-06-14,12.431
2025-06-15,15.468
2025-06-16,15.725999999999999
2025-06-17,15.892
2025-06-18,15.789
2025-06-19,15.104
2025-06-20,14.841
2025-06-21,15.289
2025-06-22,15.079
2025-06-23,14.963
2025-06-24,16.877000000000002
2025-06-25,16.655
2025-06-26,16.811999999999998
2025-06-27,17.002
2025-06-28,16.750999999999998
2025-06-29,15.971
2025-06-30,17.023
2025-07-01,17.409
2025-07-02,17.6
2025-07-03,17.718
2025-07-04,17.651
2025-07-05,18.576999999999998
2025-07-06,18.339
2025-07-07,18.575
2025-07-08,20.159
2025-07-09,21.243
2025-07-10,21.291
2025-07-11,21.458
2025-07-12,21.445
2025-07-13,21.820999999999998
2025-07-14,23.99
2025-07-15,24.092
2025-07-16,23.928
2025-07-17,23.768
2025-07-18,23.909
2025-07-19,21.337
2025-07-20,20.668
2025-07-21,20.414
2025-07-22,20.085
2025-07-23,19.685
2025-07-24,21.345
2025-07-25,21.417
2025-07-26,21.431
2025-07-27,21.219
2025-07-28,21.52
2025-07-29,22.641
2025-07-30,22.576999999999998
2025-07-31,22.276
2025-08-01,21.387999999999998
2025-08-02,21.268
2025-08-03,21.234
2025-08-04,21.266
2025-08-05,21.293
2025-08-06,21.386
2025-08-07,21.894
2025-08-08,22.06
2025-08-09,22.345
2025-08-10,22.372
2025-08-11,22.575
2025-08-12,23.289
2025-08-13,23.265
2025-08-14,23.165
2025-08-15,22.634999999999998
2025-08-16,22.382
2025-08-17,22.179
2025-08-18,19.548000000000002
2025-08-19,19.22
2025-08-20,19.599
2025-08-21,19.615000000000002
2025-08-22,19.61
2025-08-23,19.667
2025-08-24,20.176000000000002
2025-08-25,20.204
2025-08-26,18.182
2025-08-27,18.375
2025-08-28,18.435
2025-08-29,18.463
2025-08-30,18.619
2025-08-31,19.704
2025-09-01,19.868000000000002
2025-09-02,19.899
2025-09-03,19.914
2025-09-04,19.914
2025-09-05,19.941
2025-09-06,19.475
2025-09-07,17.849
2025-09-08,17.429000000000002
2025-09-09,17.354
2025-09-10,17.799
2025-09-11,18.038
2025-09-12,18.104
2025-09-13,18.203
2025-09-14,18.192
2025-09-15,18.431
2025-09-16,18.783
2025-09-17,18.942999999999998
2025-09-18,19.101
2025-09-19,19.116
2025-09-20,18.939999999999998
2025-09-21,18.78
2025-09-22,17.822
2025-09-23,17.986
2025-09-24,18.368
2025-09-25,18.404
2025-09-26,18.353
2025-09-27,18.77
2025-09-28,18.898
2025-09-29,18.864
2025-09-30,18.908
2025-10-01,18.753999999999998
2025-10-02,18.231
2025-10-03,19.008
2025-10-04,19.209
2025-10-05,19.092
2025-10-06,19.253999999999998
2025-10-07,19.292
2025-10-08,18.517
2025-10-09,17.66
2025-10-10,16.942999999999998
2025-10-11,16.621000000000002
2025-10-12,16.191
2025-10-13,16.006999999999998
2025-10-14,15.663
2025-10-15,15.706999999999999
2025-10-16,15.844
2025-10-17,15.815
2025-10-18,15.764
2025-10-19,15.488
2025-10-20,14.806
2025-10-21,14.613
2025-10-22,14.544
2025-10-23,14.222
2025-10-24,13.834
2025-10-25,13.135
2025-10-26,13.006
2025-10-27,12.952
2025-10-28,12.738999999999999
2025-10-29,12.907
2025-10-30,12.887
2025-10-31,12.823
2025-11-01,12.431
2025-11-02,10.985
2025-11-03,10.872
2025-11-04,10.826
2025-11-05,10.863999999999999
2025-11-06,10.84
2025-11-07,10.049999999999999
2025-11-08,10.14
2025-11-09,10.173
2025-11-10,9.729
2025-11-11,8.698
2025-11-12,8.809000000000001
2025-11-13,8.523
2025-11-14,8.457999999999998
2025-11-15,8.575
2025-11-16,8.579999999999998
2025-11-17,8.424
2025-11-18,8.306999999999999
2025-11-19,8.222999999999999
2025-11-20,7.811
2025-11-21,7.062999999999999
2025-11-22,7.210000000000001
2025-11-23,7.0859999999999985
2025-11-24,6.981999999999999
2025-11-25,7.038
2025-11-26,7.207000000000001
2025-11-27,5.838999999999999
2025-11-28,4.052
2025-11-29,3.664999999999999
2025-11-30,3.5569999999999986
2025-12-01,3.4899999999999984
2025-12-02,2.657
2025-12-03,2.2910000000000004
2025-12-04,1.097999999999999
2025-12-05,0.4399999999999977
2025-12-06,1.3329999999999984
2025-12-07,2.1119999999999983
2025-12-08,2.977999999999998
2025-12-09,2.6209999999999987
2025-12-10,4.059999999999999
2025-12-11,4.341999999999999
2025-12-12,4.5539999999999985
2025-12-13,4.677
2025-12-14,3.443999999999999
2025-12-15,2.603999999999999
2025-12-16,4.305
2025-12-17,4.356999999999999
2025-12-18,4.143000000000001
2025-12-19,4.091000000000001
2025-12-20,3.992000000000001
2025-12-21,3.7689999999999984
2025-12-22,3.7489999999999988
2025-12-23,4.070999999999998
2025-12-24,3.724999999999998
2025-12-25,3.654
2025-12-26,3.5760000000000005
2025-12-27,3.254999999999999
2025-12-28,3.0779999999999994
2025-12-29,2.777000000000001
2025-12-30,1.8269999999999982
2025-12-31,2.358999999999998
2026-01-01,2.8810000000000002
2026-01-02,2.9800000000000004
2026-01-03,2.916999999999998
2026-01-04,1.1879999999999988
2026-01-05,1.0730000000000004
2026-01-06,-0.10900000000000176
2026-01-07,2.992000000000001
2026-01-08,2.4860000000000007
2026-01-09,2.695999999999998
2026-01-10,2.4400000000000013
2026-01-11,2.753999999999998
2026-01-12,2.919999999999998
2026-01-13,2.730999999999998
2026-01-14,2.594000000000001
2026-01-15,2.626999999999999
2026-01-16,1.5
2026-01-17,2.5249999999999986
2026-01-18,2.410999999999998
2026-01-19,2.134999999999998
2026-01-20,0.8979999999999997
2026-01-21,1.7659999999999982
2026-01-22,0.9499999999999993
2026-01-23,-0.14199999999999946
2026-01-24,-1.8000000000000007
2026-01-25,-0.625
2026-01-26,-0.004000000000001336
2026-01-27,-0.03900000000000148
2026-01-28,-0.3829999999999991
2026-01-29,-0.7690000000000019
2026-01-30,-0.934000000000001
2026-01-31,-0.4969999999999999
2026-02-01,-0.620000000000001
2026-02-02,-0.1280000000000001
2026-02-03,-0.8420000000000023
2026-02-04,-0.9930000000000021
2026-02-05,-0.8610000000000007
2026-02-06,-0.990000000000002
2026-02-07,-0.786999999999999
2026-02-08,-0.7370000000000019
2026-02-09,-0.6850000000000023
2026-02-10,-0.902000000000001
2026-02-11,-1.001999999999999
2026-02-12,-0.9080000000000013
2026-02-13,-1.2040000000000006
2026-02-14,-1.032
2026-02-15,-1.1050000000000004
2026-02-16,-1.4810000000000016
2026-02-17,-1.7300000000000004
2026-02-18,-1.1660000000000004
2026-02-19,-1.373000000000001
2026-02-20,-1.1239999999999988
2026-02-21,-1.4879999999999995
2026-02-22,-1.4969999999999999
2026-02-23,-1.3309999999999995
2026-02-24,-0.6449999999999996
2026-02-25,-0.565999999999999
2026-02-26,-0.1670000000000016
2026-02-27,-0.38700000000000045
2026-02-28,-0.5850000000000009
2026-03-01,-0.9430000000000014
2026-03-02,-0.9559999999999995
2026-03-03,-0.9490000000000016
2026-03-04,-1.5949999999999989
2026-03-05,-1.6969999999999992
2026-03-06,-1.0770000000000017
2026-03-07,0.21699999999999875
2026-03-08,-0.2950000000000017
2026-03-09,-0.1280000000000001
2026-03-10,-0.7809999999999988
2026-03-11,1.125
2026-03-12,-0.17900000000000205
2026-03-13,0.23199999999999932
2026-03-14,0.007999999999999119
2026-03-15,-1.208000000000002
2026-03-16,-0.7540000000000013
2026-03-17,-1.333000000000002
2026-03-18,-1.404
2026-03-19,-1.4520000000000017
2026-03-20,-1.3780000000000001
2026-03-21,-1.341000000000001
2026-03-22,0.08500000000000085
2026-03-23,-0.009000000000000341
2026-03-24,-0.01699999999999946
2026-03-25,-0.0030000000000001137
2026-03-26,-0.14300000000000068
2026-03-27,-0.36299999999999955
2026-03-28,0.012999999999998124
2026-03-29,0.19599999999999795
2026-03-30,0.09100000000000108
2026-03-31,-1.029
2026-04-01,-0.7899999999999991
2026-04-02,-0.7170000000000023
2026-04-03,-0.6290000000000013
2026-04-04,-0.5309999999999988
2026-04-05,0.5339999999999989
2026-04-06,0.7729999999999997
2026-04-07,0.684000000000001
2026-04-08,0.7089999999999996
2026-04-09,0.8919999999999995
2026-04-10,0.8999999999999986
2026-04-11,0.21799999999999997
2026-04-12,-0.010000000000001563
2026-04-13,-0.5380000000000003
2026-04-14,0.012999999999998124
2026-04-15,1.2070000000000007
2026-04-16,0.9699999999999989
2026-04-17,1.2800000000000011
2026-04-18,1.7629999999999981
2026-04-19,1.654
2026-04-20,1.8099999999999987
2026-04-21,1.8670000000000009
2026-04-22,1.9059999999999988
2026-04-23,2.027000000000001
2026-04-24,1.8709999999999987
2026-04-25,1.8780000000000001
2026-04-26,1.7749999999999986
2026-04-27,1.379999999999999
2026-04-28,2.1310000000000002
2026-04-29,1.4879999999999995
2026-04-30,2.0090000000000003
2026-05-01,2.605999999999998
2026-05-02,2.559000000000001
2026-05-03,2.637999999999998
2026-05-04,2.4349999999999987
2026-05-05,2.655000000000001
2026-05-06,3.1340000000000003
2026-05-07,3.0779999999999994
2026-05-08,3.0869999999999997
2026-05-09,3.0150000000000006
2026-05-10,3.0919999999999987
2026-05-11,3.067
2026-05-12,3.344999999999999
2026-05-13,3.2330000000000005
2026-05-14,3.1469999999999985
2026-05-15,3.916999999999998
2026-05-16,3.7749999999999986
2026-05-17,3.695999999999998
2026-05-18,4.5
2026-05-19,4.097000000000001
2026-05-20,4.690000000000001
2026-05-21,5.1419999999999995
2026-05-22,5.259
2026-05-23,5.295999999999999
2026-05-24,5.259999999999998
2026-05-25,6.7669999999999995
2026-05-26,7.527999999999999
2026-05-27,8.225999999999999
2026-05-28,7.800000000000001
2026-05-29,6.826999999999998
2026-05-30,8.286000000000001
2026-05-31,8.709
2026-06-01,8.969000000000001
2026-06-02,9.049999999999999
2026-06-03,8.704999999999998
2026-06-04,8.460999999999999
2026-06-05,10.776
2026-06-06,10.805
2026-06-07,11.786999999999999
2026-06-08,12.592
2026-06-09,15.097999999999999
2026-06-10,15.416
2026-06-11,14.241999999999999
2026-06-12,14.193999999999999
2026-06-13,14.28
2026-06-14,13.681
2026-06-15,13.369
2026-06-16,13.535
2026-06-17,13.522
2026-06-18,13.421
2026-06-19,13.823
2026-06-20,13.937
2026-06-21,13.858
2026-06-22,13.78
2026-06-23,14.535
2026-06-24,15.109
2026-06-25,15.204
2026-06-26,15.276
2026-06-27,15.92
2026-06-28,17.625999999999998
2026-06-29,19.061
2026-06-30,19.076
2026-07-01,18.727
2026-07-02,19.742
2026-07-03,21.25
2026-07-04,22.189
2026-07-05,21.661
2026-07-06,21.604
2026-07-07,22.011
2026-07-08,22.106
2026-07-09,22.969
2026-07-10,23.226
2026-07-11,23.318
2026-07-12,22.344
2026-07-13,22.606
2026-07-14,23.466
2026-07-15,23.52
2026-07-16,23.368
2026-07-17,23.098
2026-07-18,22.868
2026-07-19,20.365000000000002
2026-07-20,20.759999999999998
2026-07-21,19.53
2026-07-22,18.27
2026-07-23,19.799
2026-07-24,20.652
2026-07-25,20.677
2026-07-26,20.451
2026-07-27,20.14
2026-07-28,19.843
2026-07-29,20.322
2026-07-30,20.277
2026-07-31,20.274
2026-08-01,20.125
2026-08-02,20.455
2026-08-03,20.944
2026-08-04,21.051
2026-08-05,21.187
2026-08-06,21.825
2026-08-07,22.448
2026-08-08,22.946
2026-08-09,22.85
2026-08-10,22.903
2026-08-11,22.743
2026-08-12,22.426000000000002
2026-08-13,22.304
2026-08-14,22.217
2026-08-15,22.297
